"Table 1.2 Employment by detailed occupation, 2010 and projected 2020
(Numbers in thousands)",,,,,,,,
"2010 National Employment Matrix title and code",,"Employment",,,,"Change, 2010-20",,"  Job openings due to growth and replacements  "
,,"  Number  ",,"Percent distribution",,,,
,,"2010 ","2020 ",2010,2020,"  Number  ","Percent",
"Total, All Occupations","00-0000","143,068.2","163,537.1",100.0,100.0,"20,468.9",14.3,"54,787.4"
"Management, Business, and Financial Occupations","11-1300","15,565.3","17,353.6",10.9,10.6,"1,788.3",11.5,"5,123.0"
"Management Occupations","11-0000","8,776.1","9,391.9",6.1,5.7,615.8,7.0,"2,567.7"
"Top Executives","11-1000","2,204.7","2,301.8",1.5,1.4,97.2,4.4,537.4
"Chief Executives","11-1011",369.9,385.3,0.3,0.2,15.4,4.2,111.5
"General and Operations Managers","11-1021","1,767.1","1,848.6",1.2,1.1,81.6,4.6,410.1
"Legislators","11-1031",67.7,67.9,0.0,0.0,0.2,0.3,15.9
"Advertising, Marketing, Promotions, Public Relations, and Sales Managers","11-2000",620.9,700.5,0.4,0.4,79.7,12.8,259.7
"Advertising and Promotions Managers","11-2011",38.7,43.8,0.0,0.0,5.2,13.3,16.2
"Marketing and Sales Managers","11-2020",520.3,584.7,0.4,0.4,64.3,12.4,215.7
"Marketing Managers","11-2021",178.2,202.4,0.1,0.1,24.2,13.6,76.0
"Sales Managers","11-2022",342.1,382.3,0.2,0.2,40.1,11.7,139.7
"Public Relations and Fundraising Managers","11-2031",61.9,72.1,0.0,0.0,10.2,16.4,27.9
"Operations Specialties Managers","11-3000","1,539.5","1,721.5",1.1,1.1,182.0,11.8,500.9
"Administrative Services Managers","11-3011",254.3,291.2,0.2,0.2,36.9,14.5,99.8
"Computer and Information Systems Managers","11-3021",307.9,363.7,0.2,0.2,55.8,18.1,102.8
"Financial Managers","11-3031",527.1,573.4,0.4,0.4,46.3,8.8,142.8
"Industrial Production Managers","11-3051",150.3,164.0,0.1,0.1,13.7,9.1,49.0
"Purchasing Managers","11-3061",68.0,72.9,0.0,0.0,4.9,7.2,25.6
"Transportation, Storage, and Distribution Managers","11-3071",98.6,108.5,0.1,0.1,9.9,10.0,33.7
"Compensation and Benefits Managers","11-3111",31.8,32.7,0.0,0.0,0.9,2.8,8.7
"Human Resources Managers","11-3121",71.8,81.0,0.1,0.0,9.3,12.9,26.9
"Training and Development Managers","11-3131",29.8,34.1,0.0,0.0,4.3,14.6,11.6
"Other Management Occupations","11-9000","4,411.0","4,668.0",3.1,2.9,257.0,5.8,"1,269.7"
"Farmers, Ranchers, and Other Agricultural Managers","11-9013","1,202.5","1,106.4",0.8,0.7,-96.1,-8.0,234.5
"Construction Managers","11-9021",523.1,609.6,0.4,0.4,86.6,16.6,120.4
"Education Administrators","11-9030",478.4,549.7,0.3,0.3,71.2,14.9,206.1
"Education Administrators, Preschool and Childcare Center/Program","11-9031",63.6,79.5,0.0,0.0,15.8,24.9,33.8
"Education Administrators, Elementary and Secondary School","11-9032",236.1,259.3,0.2,0.2,23.2,9.8,89.7
"Education Administrators, Postsecondary","11-9033",146.2,174.0,0.1,0.1,27.8,19.0,69.1
"Education Administrators, All Other","11-9039",32.5,36.9,0.0,0.0,4.4,13.6,13.6
"Architectural and Engineering Managers","11-9041",176.8,192.0,0.1,0.1,15.2,8.6,49.7
"Food Service Managers","11-9051",320.6,310.0,0.2,0.2,-10.6,-3.3,59.1
"Gaming Managers","11-9071",3.3,3.6,0.0,0.0,0.4,11.5,1.0
"Lodging Managers","11-9081",51.4,55.7,0.0,0.0,4.3,8.3,18.2
"Medical and Health Services Managers","11-9111",303.0,371.0,0.2,0.2,68.0,22.4,141.9
"Natural Sciences Managers","11-9121",49.3,53.1,0.0,0.0,3.8,7.7,33.5
"Postmasters and Mail Superintendents","11-9131",24.5,17.7,0.0,0.0,-6.8,-27.8,4.8
"Property, Real Estate, and Community Association Managers","11-9141",303.9,322.2,0.2,0.2,18.4,6.0,82.3
"Social and Community Service Managers","11-9151",134.1,169.9,0.1,0.1,35.8,26.7,64.8
"Emergency Management Directors","11-9161",12.1,13.7,0.0,0.0,1.6,12.8,3.9
"Managers, All Other","11-9199",828.1,893.5,0.6,0.5,65.4,7.9,249.4
"Business and Financial Operations Occupations","13-0000","6,789.2","7,961.7",4.7,4.9,"1,172.5",17.3,"2,555.2"
"Business Operations Specialists","13-1000","4,151.9","4,903.3",2.9,3.0,751.4,18.1,"1,563.1"
"Agents and Business Managers of Artists, Performers, and Athletes","13-1011",24.1,27.5,0.0,0.0,3.4,14.0,8.0
"Buyers and Purchasing Agents","13-1020",419.2,446.0,0.3,0.3,26.8,6.4,136.1
"Buyers and Purchasing Agents, Farm Products","13-1021",13.0,13.7,0.0,0.0,0.7,5.5,3.2
"Wholesale and Retail Buyers, Except Farm Products","13-1022",122.0,133.0,0.1,0.1,11.0,9.0,41.7
"Purchasing Agents, Except Wholesale, Retail, and Farm Products","13-1023",284.2,299.3,0.2,0.2,15.1,5.3,91.2
"Claims Adjusters, Appraisers, Examiners, and Investigators","13-1030",290.7,298.2,0.2,0.2,7.5,2.6,82.5
"Claims Adjusters, Examiners, and Investigators","13-1031",280.1,288.4,0.2,0.2,8.3,3.0,79.9
"Insurance Appraisers, Auto Damage","13-1032",10.6,9.8,0.0,0.0,-0.8,-7.5,2.7
"Compliance Officers","13-1041",216.6,249.0,0.2,0.2,32.4,15.0,58.6
"Cost Estimators","13-1051",185.4,252.9,0.1,0.2,67.5,36.4,103.0
"Human Resources Workers","13-1070",442.5,533.2,0.3,0.3,90.7,20.5,165.4
"Farm Labor Contractors","13-1074",0.3,0.3,0.0,0.0,0.0,-0.7,0.1
"Human Resources, Training, and Labor Relations Specialists, All Other","13-1078",442.2,532.9,0.3,0.3,90.7,20.5,165.3
"Logisticians","13-1081",108.9,136.7,0.1,0.1,27.8,25.5,48.7
"Management Analysts","13-1111",718.8,876.0,0.5,0.5,157.2,21.9,274.3
"Meeting, Convention, and Event Planners","13-1121",71.6,102.9,0.1,0.1,31.3,43.7,45.0
"Compensation, Benefits, and Job Analysis Specialists","13-1141",109.5,115.0,0.1,0.1,5.5,5.0,24.0
"Training and Development Specialists","13-1151",217.7,279.3,0.2,0.2,61.6,28.3,98.3
"Market Research Analysts and Marketing Specialists","13-1161",282.7,399.3,0.2,0.2,116.6,41.2,191.8
"Business Operations Specialists, All Other","13-1199","1,064.2","1,187.3",0.7,0.7,123.1,11.6,327.2
"Financial Specialists","13-2000","2,637.3","3,058.4",1.8,1.9,421.1,16.0,992.2
"Accountants and Auditors","13-2011","1,216.9","1,407.6",0.9,0.9,190.7,15.7,452.1
"Appraisers and Assessors of Real Estate","13-2021",77.8,83.5,0.1,0.1,5.8,7.4,22.2
"Budget Analysts","13-2031",62.1,68.5,0.0,0.0,6.5,10.4,19.6
"Credit Analysts","13-2041",63.3,75.9,0.0,0.0,12.5,19.7,25.9
"Financial Analysts and Advisors","13-2050",544.6,671.1,0.4,0.4,126.6,23.2,233.5
"Financial Analysts","13-2051",236.0,290.2,0.2,0.2,54.2,23.0,104.2
"Personal Financial Advisors","13-2052",206.8,273.2,0.1,0.2,66.4,32.1,90.2
"Insurance Underwriters","13-2053",101.8,107.7,0.1,0.1,6.0,5.9,39.1
"Financial Examiners","13-2061",29.3,37.2,0.0,0.0,7.9,27.0,14.1
"Credit Counselors and Loan Officers","13-2070",322.5,370.2,0.2,0.2,47.7,14.8,130.4
"Credit Counselors","13-2071",33.1,39.8,0.0,0.0,6.7,20.3,15.2
"Loan Officers","13-2072",289.4,330.4,0.2,0.2,41.0,14.2,115.2
"Tax Examiners, Collectors and Preparers, and Revenue Agents","13-2080",156.0,169.4,0.1,0.1,13.4,8.6,49.2
"Tax Examiners and Collectors, and Revenue Agents","13-2081",74.5,80.0,0.1,0.0,5.5,7.3,23.0
"Tax Preparers","13-2082",81.5,89.5,0.1,0.1,8.0,9.8,26.3
"Financial Specialists, All Other","13-2099",164.9,174.9,0.1,0.1,10.0,6.1,44.9
"Computer, Engineering, and Science Occupations","15-1900","7,205.0","8,426.9",5.0,5.2,"1,221.9",17.0,"2,781.5"
"Computer and Mathematical Occupations","15-0000","3,542.8","4,321.1",2.5,2.6,778.3,22.0,"1,437.8"
"Computer Occupations","15-1100","3,426.0","4,184.7",2.4,2.6,758.8,22.1,"1,366.2"
"Computer and Information Research Scientists","15-1111",28.2,33.5,0.0,0.0,5.3,18.7,10.6
"Computer Systems Analysts","15-1121",544.4,664.8,0.4,0.4,120.4,22.1,222.5
"Software Developers and Programmers","15-1130","1,276.2","1,590.8",0.9,1.0,314.6,24.6,493.9
"Computer Programmers","15-1131",363.1,406.8,0.3,0.2,43.7,12.0,128.0
"Software Developers, Applications","15-1132",520.8,664.5,0.4,0.4,143.8,27.6,197.9
"Software Developers, Systems Software","15-1133",392.3,519.4,0.3,0.3,127.2,32.4,168.0
"Database and Systems Administrators and Network Architects","15-1140",458.0,588.5,0.3,0.4,130.6,28.5,207.9
"Database Administrators","15-1141",110.8,144.8,0.1,0.1,33.9,30.6,52.7
"Network and Computer Systems Administrators","15-1142",347.2,443.8,0.2,0.3,96.6,27.8,155.3
"Computer Support Specialists","15-1150",607.1,717.1,0.4,0.4,110.0,18.1,269.5
"Information Security Analysts, Web Developers, and Computer Network Architects","15-1179",302.3,367.9,0.2,0.2,65.7,21.7,110.3
"Computer Occupations, All Other","15-1799",209.7,222.0,0.1,0.1,12.3,5.9,51.6
"Mathematical Science Occupations","15-2000",116.8,136.3,0.1,0.1,19.5,16.7,71.6
"Actuaries","15-2011",21.7,27.5,0.0,0.0,5.8,26.7,18.9
"Mathematicians","15-2021",3.1,3.6,0.0,0.0,0.5,15.7,2.3
"Operations Research Analysts","15-2031",64.6,74.0,0.0,0.0,9.4,14.6,30.0
"Statisticians","15-2041",25.1,28.6,0.0,0.0,3.5,14.1,18.7
"Miscellaneous Mathematical Science Occupations","15-2090",2.4,2.7,0.0,0.0,0.3,11.0,1.7
"Mathematical Technicians","15-2091",1.1,1.1,0.0,0.0,0.1,6.2,0.7
"Mathematical Science Occupations, All Other","15-2099",1.4,1.6,0.0,0.0,0.2,14.7,1.0
"Architecture and Engineering Occupations","17-0000","2,433.4","2,686.2",1.7,1.6,252.8,10.4,797.9
"Architects, Surveyors, and Cartographers","17-1000",200.3,247.7,0.1,0.2,47.4,23.7,89.0
"Architects, Except Naval","17-1010",135.4,166.7,0.1,0.1,31.3,23.1,58.8
"Architects, Except Landscape and Naval","17-1011",113.7,141.6,0.1,0.1,27.9,24.5,50.9
"Landscape Architects","17-1012",21.6,25.1,0.0,0.0,3.5,16.0,7.8
"Surveyors, Cartographers, and Photogrammetrists","17-1020",65.0,81.1,0.0,0.0,16.1,24.8,30.2
"Cartographers and Photogrammetrists","17-1021",13.8,16.9,0.0,0.0,3.1,22.2,6.1
"Surveyors","17-1022",51.2,64.2,0.0,0.0,13.0,25.4,24.2
"Engineers","17-2000","1,519.0","1,679.4",1.1,1.0,160.4,10.6,526.0
"Aerospace Engineers","17-2011",81.0,85.0,0.1,0.1,4.0,4.9,21.8
"Agricultural Engineers","17-2021",2.7,2.9,0.0,0.0,0.2,9.1,0.8
"Biomedical Engineers","17-2031",15.7,25.4,0.0,0.0,9.7,61.7,13.1
"Chemical Engineers","17-2041",30.2,32.0,0.0,0.0,1.8,5.9,11.4
"Civil Engineers","17-2051",262.8,313.9,0.2,0.2,51.1,19.4,104.4
"Computer Hardware Engineers","17-2061",70.0,76.3,0.0,0.0,6.3,9.0,22.9
"Electrical and Electronics Engineers","17-2070",294.0,311.6,0.2,0.2,17.6,6.0,88.4
"Electrical Engineers","17-2071",154.0,164.7,0.1,0.1,10.7,7.0,47.8
"Electronics Engineers, Except Computer","17-2072",140.0,146.9,0.1,0.1,6.8,4.9,40.6
"Environmental Engineers","17-2081",51.4,62.7,0.0,0.0,11.3,21.9,22.6
"Industrial Engineers, Including Health and Safety","17-2110",227.6,243.8,0.2,0.1,16.2,7.1,65.7
"Health and Safety Engineers, Except Mining Safety Engineers and Inspectors","17-2111",23.7,26.8,0.0,0.0,3.1,13.0,8.2
"Industrial Engineers","17-2112",203.9,217.0,0.1,0.1,13.1,6.4,57.5
"Marine Engineers and Naval Architects","17-2121",5.9,7.0,0.0,0.0,1.0,17.5,2.3
"Materials Engineers","17-2131",22.3,24.2,0.0,0.0,1.9,8.7,8.1
"Mechanical Engineers","17-2141",243.2,264.6,0.2,0.2,21.3,8.8,99.6
"Mining and Geological Engineers, Including Mining Safety Engineers","17-2151",6.4,7.0,0.0,0.0,0.6,9.6,2.0
"Nuclear Engineers","17-2161",19.1,21.1,0.0,0.0,2.0,10.2,6.2
"Petroleum Engineers","17-2171",30.2,35.3,0.0,0.0,5.1,17.0,11.8
"Engineers, All Other","17-2199",156.5,166.8,0.1,0.1,10.3,6.6,44.8
"Drafters, Engineering Technicians, and Mapping Technicians","17-3000",714.0,759.0,0.5,0.5,45.0,6.3,182.9
"Drafters","17-3010",205.1,216.5,0.1,0.1,11.4,5.6,51.8
"Architectural and Civil Drafters","17-3011",92.7,95.7,0.1,0.1,3.0,3.2,20.9
"Electrical and Electronics Drafters","17-3012",29.2,30.8,0.0,0.0,1.6,5.4,7.2
"Mechanical Drafters","17-3013",67.4,74.9,0.0,0.0,7.5,11.1,20.5
"Drafters, All Other","17-3019",15.8,15.2,0.0,0.0,-0.6,-4.0,3.1
"Engineering Technicians, Except Drafters","17-3020",451.9,476.5,0.3,0.3,24.6,5.4,111.1
"Aerospace Engineering and Operations Technicians","17-3021",8.7,8.5,0.0,0.0,-0.1,-1.6,1.7
"Civil Engineering Technicians","17-3022",79.0,88.5,0.1,0.1,9.4,12.0,24.6
"Electrical and Electronics Engineering Technicians","17-3023",151.1,154.0,0.1,0.1,2.9,1.9,31.8
"Electro-Mechanical Technicians","17-3024",16.4,16.5,0.0,0.0,0.1,0.5,3.2
"Environmental Engineering Technicians","17-3025",18.8,23.3,0.0,0.0,4.6,24.3,8.2
"Industrial Engineering Technicians","17-3026",62.5,65.1,0.0,0.0,2.6,4.2,14.6
"Mechanical Engineering Technicians","17-3027",44.9,46.7,0.0,0.0,1.8,3.9,10.4
"Engineering Technicians, Except Drafters, All Other","17-3029",70.6,73.9,0.0,0.0,3.3,4.7,16.8
"Surveying and Mapping Technicians","17-3031",56.9,66.0,0.0,0.0,9.0,15.9,20.0
"Life, Physical, and Social Science Occupations","19-0000","1,228.8","1,419.6",0.9,0.9,190.8,15.5,545.7
"Life Scientists","19-1000",285.9,344.3,0.2,0.2,58.3,20.4,106.2
"Agricultural and Food Scientists","19-1010",33.5,37.0,0.0,0.0,3.5,10.4,17.2
"Animal Scientists","19-1011",3.3,3.8,0.0,0.0,0.4,12.8,1.8
"Food Scientists and Technologists","19-1012",13.9,15.0,0.0,0.0,1.1,8.0,6.8
"Soil and Plant Scientists","19-1013",16.3,18.3,0.0,0.0,2.0,12.1,8.6
"Biological Scientists","19-1020",101.0,115.1,0.1,0.1,14.1,14.0,36.9
"Biochemists and Biophysicists","19-1021",25.1,32.9,0.0,0.0,7.7,30.8,13.4
"Microbiologists","19-1022",20.3,22.9,0.0,0.0,2.7,13.3,7.2
"Zoologists and Wildlife Biologists","19-1023",19.8,21.3,0.0,0.0,1.5,7.4,5.9
"Biological Scientists, All Other","19-1029",35.8,38.0,0.0,0.0,2.2,6.3,10.3
"Conservation Scientists and Foresters","19-1030",34.9,36.6,0.0,0.0,1.7,5.0,6.0
"Conservation Scientists","19-1031",23.4,24.6,0.0,0.0,1.2,5.2,4.0
"Foresters","19-1032",11.5,12.0,0.0,0.0,0.5,4.7,1.9
"Medical Scientists","19-1040",105.0,142.6,0.1,0.1,37.6,35.8,44.1
"Epidemiologists","19-1041",5.0,6.1,0.0,0.0,1.2,23.6,1.5
"Medical Scientists, Except Epidemiologists","19-1042",100.0,136.5,0.1,0.1,36.4,36.4,42.6
"Life Scientists, All Other","19-1099",11.6,12.9,0.0,0.0,1.3,11.7,2.1
"Physical Scientists","19-2000",282.0,317.7,0.2,0.2,35.7,12.7,121.9
"Astronomers and Physicists","19-2010",20.6,23.4,0.0,0.0,2.8,13.8,8.9
"Astronomers","19-2011",2.2,2.5,0.0,0.0,0.2,11.0,0.9
"Physicists","19-2012",18.3,20.9,0.0,0.0,2.6,14.2,8.0
"Atmospheric and Space Scientists","19-2021",9.5,10.4,0.0,0.0,1.0,10.6,2.1
"Chemists and Materials Scientists","19-2030",90.9,94.9,0.1,0.1,4.0,4.5,33.6
"Chemists","19-2031",82.2,85.4,0.1,0.1,3.2,3.8,29.9
"Materials Scientists","19-2032",8.7,9.5,0.0,0.0,0.9,10.2,3.7
"Environmental Scientists and Geoscientists","19-2040",130.8,156.1,0.1,0.1,25.2,19.3,63.9
"Environmental Scientists and Specialists, Including Health","19-2041",89.4,106.1,0.1,0.1,16.7,18.7,43.2
"Geoscientists, Except Hydrologists and Geographers","19-2042",33.8,40.9,0.0,0.0,7.1,21.2,17.1
"Hydrologists","19-2043",7.6,9.0,0.0,0.0,1.4,17.8,3.6
"Physical Scientists, All Other","19-2099",30.3,32.9,0.0,0.0,2.6,8.5,13.3
"Social Scientists and Related Workers","19-3000",306.1,362.6,0.2,0.2,56.5,18.4,154.6
"Economists","19-3011",15.4,16.4,0.0,0.0,0.9,6.1,5.8
"Survey Researchers","19-3022",19.6,24.3,0.0,0.0,4.7,24.1,9.9
"Psychologists","19-3030",174.0,211.6,0.1,0.1,37.7,21.6,92.5
"Clinical, Counseling, and School Psychologists","19-3031",154.3,188.0,0.1,0.1,33.7,21.9,82.3
"Industrial-Organizational Psychologists","19-3032",2.2,3.0,0.0,0.0,0.8,34.9,1.5
"Psychologists, All Other","19-3039",17.5,20.6,0.0,0.0,3.2,18.2,8.7
"Sociologists","19-3041",4.0,4.8,0.0,0.0,0.7,18.1,1.8
"Urban and Regional Planners","19-3051",40.3,46.8,0.0,0.0,6.5,16.2,16.8
"Miscellaneous Social Scientists and Related Workers","19-3090",52.8,58.6,0.0,0.0,5.9,11.2,27.8
"Anthropologists and Archeologists","19-3091",6.1,7.4,0.0,0.0,1.3,20.7,3.8
"Geographers","19-3092",1.6,2.2,0.0,0.0,0.6,35.4,1.3
"Historians","19-3093",4.0,4.7,0.0,0.0,0.7,17.9,2.4
"Political Scientists","19-3094",5.6,6.0,0.0,0.0,0.4,7.9,2.8
"Social Scientists and Related Workers, All Other","19-3099",35.4,38.3,0.0,0.0,2.9,8.1,17.6
"Life, Physical, and Social Science Technicians","19-4000",354.8,395.0,0.2,0.2,40.3,11.4,163.0
"Agricultural and Food Science Technicians","19-4011",21.3,22.8,0.0,0.0,1.5,7.0,8.7
"Biological Technicians","19-4021",80.2,91.1,0.1,0.1,10.9,13.5,37.9
"Chemical Technicians","19-4031",61.0,65.1,0.0,0.0,4.1,6.7,12.9
"Geological and Petroleum Technicians","19-4041",14.4,16.5,0.0,0.0,2.1,14.7,7.0
"Nuclear Technicians","19-4051",7.1,8.0,0.0,0.0,1.0,13.5,3.3
"Social Science Research Assistants","19-4061",29.7,34.1,0.0,0.0,4.4,15.0,17.0
"Miscellaneous Life, Physical, and Social Science Technicians","19-4090",141.1,157.4,0.1,0.1,16.3,11.6,76.3
"Environmental Science and Protection Technicians, Including Health","19-4091",29.6,36.6,0.0,0.0,7.0,23.6,19.5
"Forensic Science Technicians","19-4092",13.0,15.4,0.0,0.0,2.4,18.6,7.9
"Forest and Conservation Technicians","19-4093",36.5,36.1,0.0,0.0,-0.4,-1.0,15.4
"Life, Physical, and Social Science Technicians, All Other","19-4099",62.0,69.4,0.0,0.0,7.3,11.8,33.5
"Education, Legal, Community Service, Arts, and Media Occupations","21-2700","15,516.7","17,976.2",10.8,11.0,"2,459.5",15.9,"5,906.2"
"Community and Social Service Occupations","21-0000","2,402.7","2,985.0",1.7,1.8,582.3,24.2,"1,098.1"
"Counselors, Social Workers, and Other Community and Social Service Specialists","21-1000","1,997.3","2,509.7",1.4,1.5,512.4,25.7,956.6
"Counselors","21-1010",684.7,863.3,0.5,0.5,178.6,26.1,325.2
"Substance Abuse and Behavioral Disorder Counselors","21-1011",85.5,108.9,0.1,0.1,23.4,27.3,41.7
"Educational, Guidance, School, and Vocational Counselors","21-1012",281.4,334.8,0.2,0.2,53.4,19.0,113.7
"Marriage and Family Therapists","21-1013",36.0,50.8,0.0,0.0,14.8,41.2,22.6
"Mental Health Counselors","21-1014",120.3,163.9,0.1,0.1,43.6,36.3,69.4
"Rehabilitation Counselors","21-1015",129.8,166.4,0.1,0.1,36.6,28.2,64.4
"Counselors, All Other","21-1019",31.6,38.4,0.0,0.0,6.7,21.3,13.5
"Social Workers","21-1020",650.5,811.7,0.5,0.5,161.2,24.8,315.4
"Child, Family, and School Social Workers","21-1021",295.7,353.9,0.2,0.2,58.2,19.7,128.3
"Healthcare Social Workers","21-1022",152.7,203.9,0.1,0.1,51.2,33.5,87.4
"Mental Health and Substance Abuse Social Workers","21-1023",126.1,165.6,0.1,0.1,39.5,31.3,69.4
"Social Workers, All Other","21-1029",76.0,88.3,0.1,0.1,12.3,16.2,30.3
"Miscellaneous Community and Social Service Specialists","21-1090",662.1,834.7,0.5,0.5,172.7,26.1,315.9
"Health Educators","21-1091",63.4,86.6,0.0,0.1,23.2,36.5,36.9
"Probation Officers and Correctional Treatment Specialists","21-1092",93.2,110.4,0.1,0.1,17.1,18.4,37.3
"Social and Human Service Assistants","21-1093",384.2,490.2,0.3,0.3,106.0,27.6,189.1
"Community and Social Service Specialists, All Other","21-1798",121.3,147.7,0.1,0.1,26.4,21.8,52.6
"Religious Workers","21-2000",405.4,475.3,0.3,0.3,69.9,17.2,141.5
"Clergy","21-2011",230.8,271.3,0.2,0.2,40.5,17.5,79.9
"Directors, Religious Activities and Education","21-2021",126.0,147.1,0.1,0.1,21.2,16.8,44.5
"Religious Workers, All Other","21-2099",48.7,56.9,0.0,0.0,8.3,17.0,17.2
"Legal Occupations","23-0000","1,211.9","1,342.9",0.8,0.8,131.0,10.8,343.6
"Lawyers, Judges, and Related Workers","23-1000",820.7,901.2,0.6,0.6,80.4,9.8,235.3
"Lawyers and Judicial Law Clerks","23-1010",758.0,833.9,0.5,0.5,75.9,10.0,218.8
"Lawyers","23-1011",728.2,801.8,0.5,0.5,73.6,10.1,212.0
"Judicial Law Clerks","23-1012",29.8,32.1,0.0,0.0,2.3,7.7,6.8
"Judges, Magistrates, and Other Judicial Workers","23-1020",62.7,67.3,0.0,0.0,4.6,7.3,16.5
"Administrative Law Judges, Adjudicators, and Hearing Officers","23-1021",19.2,19.2,0.0,0.0,0.0,-0.1,3.7
"Arbitrators, Mediators, and Conciliators","23-1022",9.4,10.9,0.0,0.0,1.5,15.5,3.2
"Judges, Magistrate Judges, and Magistrates","23-1023",34.0,37.2,0.0,0.0,3.1,9.2,9.6
"Legal Support Workers","23-2000",391.2,441.8,0.3,0.3,50.6,12.9,108.3
"Paralegals and Legal Assistants","23-2011",256.0,302.9,0.2,0.2,46.9,18.3,83.4
"Miscellaneous Legal Support Workers","23-2090",135.2,138.9,0.1,0.1,3.7,2.7,24.9
"Court Reporters","23-2091",22.0,25.1,0.0,0.0,3.1,14.1,6.4
"Title Examiners, Abstractors, and Searchers","23-2093",59.0,58.2,0.0,0.0,-0.8,-1.4,8.9
"Legal Support Workers, All Other","23-2099",54.2,55.7,0.0,0.0,1.4,2.6,9.6
"Education, Training, and Library Occupations","25-0000","9,193.6","10,597.3",6.4,6.5,"1,403.7",15.3,"3,397.8"
"Postsecondary Teachers","25-1000","1,756.0","2,061.7",1.2,1.3,305.7,17.4,586.1
"Preschool, Primary, Secondary, and Special Education School Teachers","25-2000","4,354.4","5,009.4",3.0,3.1,655.0,15.0,"1,732.7"
"Preschool and Kindergarten Teachers","25-2010",636.0,782.3,0.4,0.5,146.3,23.0,311.7
"Preschool Teachers, Except Special Education","25-2011",456.8,570.4,0.3,0.3,113.6,24.9,232.4
"Kindergarten Teachers, Except Special Education","25-2012",179.2,211.9,0.1,0.1,32.7,18.2,79.3
"Elementary and Middle School Teachers","25-2020","2,132.7","2,491.0",1.5,1.5,358.4,16.8,827.0
"Elementary School Teachers, Except Special Education","25-2021","1,476.5","1,725.3",1.0,1.1,248.8,16.8,573.2
"Middle School Teachers, Except Special and Career/Technical Education","25-2022",641.7,750.0,0.4,0.5,108.3,16.9,249.3
"Career/Technical Education Teachers, Middle School","25-2023",14.4,15.7,0.0,0.0,1.3,8.9,4.5
"Secondary School Teachers","25-2030","1,126.2","1,199.1",0.8,0.7,72.9,6.5,380.8
"Secondary School Teachers, Except Special and Career/Technical Education","25-2031","1,037.6","1,109.5",0.7,0.7,71.9,6.9,355.6
"Career/Technical Education Teachers, Secondary School","25-2032",88.6,89.6,0.1,0.1,1.0,1.1,25.2
"Special Education Teachers","25-2050",459.6,537.0,0.3,0.3,77.4,16.8,213.2
"Special Education Teachers, Preschool, Kindergarten, and Elementary School","25-2041",222.8,270.2,0.2,0.2,47.4,21.3,113.3
"Special Education Teachers, Middle School","25-2053",98.1,117.9,0.1,0.1,19.9,20.2,48.8
"Special Education Teachers, Secondary School","25-2054",138.7,148.8,0.1,0.1,10.1,7.3,51.1
"Other Teachers and Instructors","25-3000","1,220.2","1,401.8",0.9,0.9,181.6,14.9,368.2
"Adult Basic and Secondary Education and Literacy Teachers and Instructors","25-3011",86.9,99.6,0.1,0.1,12.7,14.6,26.0
"Self-Enrichment Education Teachers","25-3021",252.8,305.6,0.2,0.2,52.8,20.9,91.5
"Teachers and Instructors, All Other","25-3999",880.5,996.6,0.6,0.6,116.0,13.2,250.7
"Librarians, Curators, and Archivists","25-4000",301.4,326.9,0.2,0.2,25.5,8.5,123.8
"Archivists, Curators, and Museum Technicians","25-4010",29.9,34.4,0.0,0.0,4.5,15.0,12.9
"Archivists","25-4011",6.1,6.8,0.0,0.0,0.7,11.7,2.4
"Curators","25-4012",12.0,14.9,0.0,0.0,3.0,24.8,6.3
"Museum Technicians and Conservators","25-4013",11.9,12.7,0.0,0.0,0.8,6.8,4.1
"Librarians","25-4021",156.1,166.9,0.1,0.1,10.8,6.9,51.4
"Library Technicians","25-4031",115.4,125.6,0.1,0.1,10.2,8.9,59.5
"Other Education, Training, and Library Occupations","25-9000","1,561.6","1,797.6",1.1,1.1,236.0,15.1,586.9
"Audio-Visual and Multimedia Collections Specialists","25-9011",8.4,9.5,0.0,0.0,1.1,12.7,2.9
"Farm and Home Management Advisors","25-9021",13.0,15.1,0.0,0.0,2.2,16.6,5.0
"Instructional Coordinators","25-9031",139.7,166.9,0.1,0.1,27.3,19.5,58.1
"Teacher Assistants","25-9041","1,288.3","1,479.3",0.9,0.9,191.1,14.8,481.6
"Education, Training, and Library Workers, All Other","25-9099",112.3,126.7,0.1,0.1,14.4,12.8,39.2
"Arts, Design, Entertainment, Sports, and Media Occupations","27-0000","2,708.5","3,051.0",1.9,1.9,342.5,12.6,"1,066.7"
"Art and Design Workers","27-1000",776.8,852.9,0.5,0.5,76.1,9.8,309.0
"Artists and Related Workers","27-1010",197.3,212.6,0.1,0.1,15.3,7.7,62.4
"Art Directors","27-1011",73.9,80.6,0.1,0.0,6.7,9.0,24.3
"Craft Artists","27-1012",11.8,12.7,0.0,0.0,0.9,7.3,3.7
"Fine Artists, Including Painters, Sculptors, and Illustrators","27-1013",25.7,27.7,0.0,0.0,2.0,7.8,8.1
"Multimedia Artists and Animators","27-1014",66.5,72.0,0.0,0.0,5.5,8.3,21.4
"Artists and Related Workers, All Other","27-1019",19.3,19.5,0.0,0.0,0.2,1.0,4.8
"Designers","27-1020",579.5,640.3,0.4,0.4,60.8,10.5,246.6
"Commercial and Industrial Designers","27-1021",40.8,45.1,0.0,0.0,4.3,10.5,16.9
"Fashion Designers","27-1022",21.5,21.5,0.0,0.0,0.0,0.2,6.7
"Floral Designers","27-1023",66.5,60.3,0.0,0.0,-6.2,-9.3,20.6
"Graphic Designers","27-1024",279.2,316.5,0.2,0.2,37.3,13.4,123.8
"Interior Designers","27-1025",56.5,67.4,0.0,0.0,10.9,19.3,28.4
"Merchandise Displayers and Window Trimmers","27-1026",91.2,102.9,0.1,0.1,11.7,12.8,40.0
"Set and Exhibit Designers","27-1027",11.7,12.8,0.0,0.0,1.2,9.9,4.8
"Designers, All Other","27-1029",12.2,13.8,0.0,0.0,1.6,13.1,5.4
"Entertainers and Performers, Sports and Related Workers","27-2000",805.7,934.6,0.6,0.6,128.9,16.0,340.2
"Actors, Producers, and Directors","27-2010",189.0,205.1,0.1,0.1,16.1,8.5,70.0
"Actors","27-2011",66.5,69.1,0.0,0.0,2.6,3.9,20.3
"Producers and Directors","27-2012",122.5,136.0,0.1,0.1,13.5,11.0,49.7
"Athletes, Coaches, Umpires, and Related Workers","27-2020",278.9,357.8,0.2,0.2,78.9,28.3,149.6
"Athletes and Sports Competitors","27-2021",16.5,20.1,0.0,0.0,3.6,21.6,7.8
"Coaches and Scouts","27-2022",242.9,314.3,0.2,0.2,71.4,29.4,133.0
"Umpires, Referees, and Other Sports Officials","27-2023",19.5,23.4,0.0,0.0,3.9,19.9,8.8
"Dancers and Choreographers","27-2030",25.6,30.2,0.0,0.0,4.6,18.0,14.5
"Dancers","27-2031",12.4,13.7,0.0,0.0,1.4,11.2,6.2
"Choreographers","27-2032",13.2,16.4,0.0,0.0,3.2,24.2,8.3
"Musicians, Singers, and Related Workers","27-2040",269.4,296.9,0.2,0.2,27.4,10.2,92.9
"Music Directors and Composers","27-2041",93.2,102.8,0.1,0.1,9.6,10.2,32.2
"Musicians and Singers","27-2042",176.2,194.1,0.1,0.1,17.9,10.1,60.7
"Entertainers and Performers, Sports and Related Workers, All Other","27-2099",42.8,44.7,0.0,0.0,1.9,4.4,13.2
"Media and Communication Workers","27-3000",791.9,898.0,0.6,0.5,106.1,13.4,325.0
"Announcers","27-3010",61.9,65.9,0.0,0.0,4.1,6.6,21.0
"Radio and Television Announcers","27-3011",50.2,53.6,0.0,0.0,3.5,6.9,17.2
"Public Address System and Other Announcers","27-3012",11.7,12.3,0.0,0.0,0.6,5.2,3.8
"News Analysts, Reporters and Correspondents","27-3020",58.5,55.3,0.0,0.0,-3.2,-5.5,21.4
"Broadcast News Analysts","27-3021",6.6,7.2,0.0,0.0,0.7,10.2,3.0
"Reporters and Correspondents","27-3022",51.9,48.0,0.0,0.0,-3.9,-7.5,18.4
"Public Relations Specialists","27-3031",258.1,316.2,0.2,0.2,58.2,22.5,127.2
"Writers and Editors","27-3040",322.6,341.3,0.2,0.2,18.7,5.8,102.9
"Editors","27-3041",127.2,128.0,0.1,0.1,0.8,0.6,37.0
"Technical Writers","27-3042",49.5,58.0,0.0,0.0,8.5,17.2,18.3
"Writers and Authors","27-3043",145.9,155.4,0.1,0.1,9.5,6.5,47.6
"Miscellaneous Media and Communication Workers","27-3090",90.9,119.3,0.1,0.1,28.3,31.2,52.6
"Interpreters and Translators","27-3091",58.4,83.1,0.0,0.1,24.6,42.2,40.3
"Media and Communication Workers, All Other","27-3099",32.5,36.2,0.0,0.0,3.7,11.4,12.4
"Media and Communication Equipment Workers","27-4000",334.1,365.5,0.2,0.2,31.4,9.4,92.4
"Broadcast and Sound Engineering Technicians and Radio Operators","27-4010",118.1,129.8,0.1,0.1,11.7,9.9,45.3
"Audio and Video Equipment Technicians","27-4011",61.2,69.4,0.0,0.0,8.2,13.4,25.6
"Broadcast Technicians","27-4012",36.7,40.0,0.0,0.0,3.3,9.0,13.8
"Radio Operators","27-4013",1.2,1.3,0.0,0.0,0.1,7.0,0.4
"Sound Engineering Technicians","27-4014",19.0,19.1,0.0,0.0,0.1,0.6,5.5
"Photographers","27-4021",139.5,156.9,0.1,0.1,17.5,12.5,31.0
"Television, Video, and Motion Picture Camera Operators and Editors","27-4030",58.3,60.5,0.0,0.0,2.2,3.8,12.7
"Camera Operators, Television, Video, and Motion Picture","27-4031",26.8,27.3,0.0,0.0,0.6,2.1,5.4
"Film and Video Editors","27-4032",31.6,33.2,0.0,0.0,1.6,5.2,7.3
"Media and Communication Equipment Workers, All Other","27-4099",18.2,18.2,0.0,0.0,0.0,0.3,3.3
"Healthcare Practitioners and Technical Occupations","29-0000","7,799.3","9,819.0",5.5,6.0,"2,019.7",25.9,"3,591.3"
"Health Diagnosing and Treating Practitioners","29-1000","4,852.3","6,128.4",3.4,3.7,"1,276.0",26.3,"2,218.7"
"Chiropractors","29-1011",52.6,67.4,0.0,0.0,14.9,28.3,25.3
"Dentists","29-1020",155.7,187.9,0.1,0.1,32.2,20.7,78.4
"Dentists, General","29-1021",130.7,158.3,0.1,0.1,27.6,21.1,66.4
"Oral and Maxillofacial Surgeons","29-1022",8.0,9.7,0.0,0.0,1.7,21.3,4.1
"Orthodontists","29-1023",8.3,10.1,0.0,0.0,1.8,21.1,4.2
"Prosthodontists","29-1024",1.0,1.2,0.0,0.0,0.2,21.4,0.5
"Dentists, All Other Specialists","29-1029",7.8,8.7,0.0,0.0,0.9,11.7,3.2
"Dietitians and Nutritionists","29-1031",64.4,77.1,0.0,0.0,12.7,19.7,35.4
"Optometrists","29-1041",34.2,45.5,0.0,0.0,11.3,33.1,23.4
"Pharmacists","29-1051",274.9,344.6,0.2,0.2,69.7,25.4,139.6
"Physicians and Surgeons","29-1060",691.0,859.3,0.5,0.5,168.3,24.4,305.1
"Physician Assistants","29-1071",83.6,108.3,0.1,0.1,24.7,29.5,40.6
"Podiatrists","29-1081",12.9,15.5,0.0,0.0,2.6,20.0,5.1
"Registered Nurses","29-1111","2,737.4","3,449.3",1.9,2.1,711.9,26.0,"1,207.4"
"Therapists","29-1120",615.7,806.0,0.4,0.5,190.4,30.9,297.5
"Occupational Therapists","29-1122",108.8,145.2,0.1,0.1,36.4,33.5,57.1
"Physical Therapists","29-1123",198.6,276.0,0.1,0.2,77.4,39.0,100.6
"Radiation Therapists","29-1124",16.9,20.3,0.0,0.0,3.4,20.3,6.7
"Recreational Therapists","29-1125",22.4,26.3,0.0,0.0,3.8,17.1,11.9
"Respiratory Therapists","29-1126",112.7,143.9,0.1,0.1,31.2,27.7,52.7
"Speech-Language Pathologists","29-1127",123.2,152.0,0.1,0.1,28.8,23.4,52.3
"Therapists, All Other","29-1128",33.1,42.3,0.0,0.0,9.2,27.9,16.3
"Veterinarians","29-1131",61.4,83.4,0.0,0.1,22.0,35.9,34.2
"Audiologists","29-1181",13.0,17.8,0.0,0.0,4.8,36.8,5.6
"Health Diagnosing and Treating Practitioners, All Other","29-1199",55.6,66.2,0.0,0.0,10.6,19.0,21.2
"Health Technologists and Technicians","29-2000","2,799.1","3,519.4",2.0,2.2,720.3,25.7,"1,297.1"
"Clinical Laboratory Technologists and Technicians","29-2010",330.6,373.5,0.2,0.2,42.9,13.0,107.3
"Medical and Clinical Laboratory Technologists","29-2011",169.4,188.6,0.1,0.1,19.2,11.3,52.1
"Medical and Clinical Laboratory Technicians","29-2012",161.2,184.9,0.1,0.1,23.8,14.7,55.1
"Dental Hygienists","29-2021",181.8,250.3,0.1,0.2,68.5,37.7,104.9
"Diagnostic Related Technologists and Technicians","29-2030",345.0,448.0,0.2,0.3,103.0,29.9,156.5
"Cardiovascular Technologists and Technicians","29-2031",49.4,63.9,0.0,0.0,14.5,29.3,22.1
"Diagnostic Medical Sonographers","29-2032",53.7,77.1,0.0,0.0,23.4,43.5,31.7
"Nuclear Medicine Technologists","29-2033",21.9,26.1,0.0,0.0,4.1,18.9,7.5
"Radiologic Technologists and Technicians","29-2037",219.9,281.0,0.2,0.2,61.0,27.8,95.1
"Emergency Medical Technicians and Paramedics","29-2041",226.5,301.9,0.2,0.2,75.4,33.3,120.8
"Health Practitioner Support Technologists and Technicians","29-2050",621.0,804.7,0.4,0.5,183.7,29.6,291.6
"Dietetic Technicians","29-2051",24.2,28.1,0.0,0.0,3.9,16.0,8.1
"Pharmacy Technicians","29-2052",334.4,442.6,0.2,0.3,108.3,32.4,166.3
"Psychiatric Technicians","29-2053",74.9,86.4,0.1,0.1,11.6,15.5,24.6
"Respiratory Therapy Technicians","29-2054",13.8,14.3,0.0,0.0,0.6,4.1,3.0
"Surgical Technologists","29-2055",93.6,111.3,0.1,0.1,17.7,18.9,33.9
"Veterinary Technologists and Technicians","29-2056",80.2,121.9,0.1,0.1,41.7,52.0,55.7
"Licensed Practical and Licensed Vocational Nurses","29-2061",752.3,920.8,0.5,0.6,168.5,22.4,369.2
"Medical Records and Health Information Technicians","29-2071",179.5,217.3,0.1,0.1,37.7,21.0,73.7
"Opticians, Dispensing","29-2081",62.6,80.7,0.0,0.0,18.1,28.9,30.6
"Orthotists and Prosthetists","29-2091",6.3,7.0,0.0,0.0,0.8,12.1,2.0
"Health Technologists and Technicians, All Other","29-2799",93.5,115.2,0.1,0.1,21.7,23.2,40.4
"Other Healthcare Practitioners and Technical Occupations","29-9000",147.9,171.2,0.1,0.1,23.3,15.8,75.4
"Occupational Health and Safety Specialists and Technicians","29-9010",69.3,75.7,0.0,0.0,6.4,9.2,30.8
"Occupational Health and Safety Specialists","29-9011",58.7,63.7,0.0,0.0,5.0,8.5,25.7
"Occupational Health and Safety Technicians","29-9012",10.6,12.0,0.0,0.0,1.4,12.9,5.1
"Miscellaneous Health Practitioners and Technical Workers","29-9090",78.6,95.5,0.1,0.1,17.0,21.6,44.6
"Athletic Trainers","29-9091",18.2,23.7,0.0,0.0,5.5,30.0,11.9
"Healthcare Practitioners and Technical Workers, All Other","29-9799",60.4,71.9,0.0,0.0,11.5,19.0,32.8
"Service Occupations","31-3900","29,136.1","34,037.4",20.4,20.8,"4,901.3",16.8,"12,577.2"
"Healthcare Support Occupations","31-0000","4,190.0","5,633.7",2.9,3.4,"1,443.7",34.5,"2,041.6"
"Nursing, Psychiatric, and Home Health Aides","31-1000","2,590.6","3,609.1",1.8,2.2,"1,018.5",39.3,"1,352.6"
"Home Health Aides","31-1011","1,017.7","1,723.9",0.7,1.1,706.3,69.4,837.5
"Nursing Aides, Orderlies, and Attendants","31-1012","1,505.3","1,807.2",1.1,1.1,302.0,20.1,496.1
"Psychiatric Aides","31-1013",67.7,77.9,0.0,0.0,10.2,15.1,19.0
"Occupational Therapy and Physical Therapist Assistants and Aides","31-2000",150.4,216.2,0.1,0.1,65.9,43.8,89.2
"Occupational Therapy Assistants and Aides","31-2010",36.0,50.8,0.0,0.0,14.8,41.2,20.4
"Occupational Therapy Assistants","31-2011",28.5,40.8,0.0,0.0,12.3,43.3,16.8
"Occupational Therapy Aides","31-2012",7.5,9.9,0.0,0.0,2.5,33.0,3.6
"Physical Therapist Assistants and Aides","31-2020",114.4,165.5,0.1,0.1,51.1,44.6,68.8
"Physical Therapist Assistants","31-2021",67.4,98.2,0.0,0.1,30.8,45.7,41.2
"Physical Therapist Aides","31-2022",47.0,67.3,0.0,0.0,20.3,43.1,27.6
"Other Healthcare Support Occupations","31-9000","1,449.0","1,808.4",1.0,1.1,359.3,24.8,599.8
"Massage Therapists","31-9011",153.7,184.6,0.1,0.1,30.9,20.1,55.9
"Miscellaneous Healthcare Support Occupations","31-9090","1,295.3","1,623.8",0.9,1.0,328.5,25.4,543.9
"Dental Assistants","31-9091",297.2,388.9,0.2,0.2,91.6,30.8,154.0
"Medical Assistants","31-9092",527.6,690.4,0.4,0.4,162.9,30.9,243.8
"Medical Equipment Preparers","31-9093",49.2,57.8,0.0,0.0,8.6,17.5,16.2
"Medical Transcriptionists","31-9094",95.1,100.7,0.1,0.1,5.6,5.9,20.2
"Pharmacy Aides","31-9095",50.8,65.3,0.0,0.0,14.5,28.6,22.3
"Veterinary Assistants and Laboratory Animal Caretakers","31-9096",73.2,83.6,0.1,0.1,10.4,14.2,21.6
"Healthcare Support Workers, All Other","31-9799",202.3,237.0,0.1,0.1,34.8,17.2,65.8
"Protective Service Occupations","33-0000","3,302.5","3,667.0",2.3,2.2,364.5,11.0,"1,195.5"
"Supervisors of Protective Service Workers","33-1000",266.5,281.9,0.2,0.2,15.4,5.8,114.3
"First-Line Supervisors of Law Enforcement Workers","33-1010",147.5,152.1,0.1,0.1,4.6,3.1,55.2
"First-Line Supervisors of Correctional Officers","33-1011",41.5,43.8,0.0,0.0,2.3,5.6,16.5
"First-Line Supervisors of Police and Detectives","33-1012",106.1,108.3,0.1,0.1,2.3,2.1,38.7
"First-Line Supervisors of Fire Fighting and Prevention Workers","33-1021",60.1,65.0,0.0,0.0,4.9,8.2,33.1
"First-Line Supervisors of Protective Service Workers, All Other","33-1099",58.9,64.7,0.0,0.0,5.8,9.9,25.9
"Fire Fighting and Prevention Workers","33-2000",325.6,353.5,0.2,0.2,27.9,8.6,117.6
"Firefighters","33-2011",310.4,336.9,0.2,0.2,26.6,8.6,112.3
"Fire Inspectors","33-2020",15.2,16.5,0.0,0.0,1.3,8.8,5.2
"Fire Inspectors and Investigators","33-2021",13.6,14.8,0.0,0.0,1.2,9.2,4.7
"Forest Fire Inspectors and Prevention Specialists","33-2022",1.6,1.7,0.0,0.0,0.1,5.8,0.5
"Law Enforcement Workers","33-3000","1,297.2","1,382.9",0.9,0.8,85.6,6.6,398.8
"Bailiffs, Correctional Officers, and Jailers","33-3010",493.1,519.0,0.3,0.3,26.0,5.3,112.6
"Bailiffs","33-3011",17.8,19.2,0.0,0.0,1.4,8.0,4.5
"Correctional Officers and Jailers","33-3012",475.3,499.8,0.3,0.3,24.5,5.2,108.1
"Detectives and Criminal Investigators","33-3021",119.4,122.9,0.1,0.1,3.5,2.9,30.1
"Fish and Game Wardens","33-3031",7.6,7.9,0.0,0.0,0.4,4.7,2.2
"Parking Enforcement Workers","33-3041",9.8,10.8,0.0,0.0,0.9,9.6,3.4
"Police Officers","33-3050",667.4,722.3,0.5,0.4,54.9,8.2,250.5
"Police and Sheriff's Patrol Officers","33-3051",663.9,718.5,0.5,0.4,54.6,8.2,249.4
"Transit and Railroad Police","33-3052",3.6,3.8,0.0,0.0,0.2,6.5,1.1
"Other Protective Service Workers","33-9000","1,413.2","1,648.8",1.0,1.0,235.6,16.7,564.8
"Animal Control Workers","33-9011",15.5,17.3,0.0,0.0,1.8,11.7,5.5
"Private Detectives and Investigators","33-9021",34.7,41.9,0.0,0.0,7.1,20.5,14.9
"Security Guards and Gaming Surveillance Officers","33-9030","1,042.5","1,238.1",0.7,0.8,195.6,18.8,361.2
"Gaming Surveillance Officers and Gaming Investigators","33-9031",6.8,7.4,0.0,0.0,0.6,9.1,1.7
"Security Guards","33-9032","1,035.7","1,230.7",0.7,0.8,195.0,18.8,359.5
"Miscellaneous Protective Service Workers","33-9090",320.5,351.5,0.2,0.2,31.0,9.7,183.3
"Crossing Guards","33-9091",69.3,70.1,0.0,0.0,0.7,1.1,17.2
"Lifeguards, Ski Patrol, and Other Recreational Protective Service Workers","33-9092",121.5,136.4,0.1,0.1,14.9,12.3,92.7
"Transportation Security Screeners (Federal Only)","33-9093",48.1,52.7,0.0,0.0,4.6,9.5,10.4
"Protective Service Workers, All Other","33-9099",81.5,92.3,0.1,0.1,10.7,13.2,62.9
"Food Preparation and Serving Related Occupations","35-0000","11,150.3","12,242.8",7.8,7.5,"1,092.5",9.8,"5,102.7"
"Supervisors of Food Preparation and Serving Workers","35-1000",901.7,979.4,0.6,0.6,77.7,8.6,266.3
"Chefs and Head Cooks","35-1011",100.6,99.8,0.1,0.1,-0.8,-0.8,18.0
"First-Line Supervisors of Food Preparation and Serving Workers","35-1012",801.1,879.6,0.6,0.5,78.5,9.8,248.3
"Cooks and Food Preparation Workers","35-2000","2,864.5","3,110.5",2.0,1.9,245.9,8.6,994.9
"Cooks","35-2010","2,050.8","2,212.6",1.4,1.4,161.8,7.9,617.8
"Cooks, Fast Food","35-2011",530.4,511.4,0.4,0.3,-19.1,-3.6,113.0
"Cooks, Institution and Cafeteria","35-2012",405.3,455.1,0.3,0.3,49.8,12.3,136.2
"Cooks, Private Household","35-2013",3.6,4.1,0.0,0.0,0.5,14.4,1.3
"Cooks, Restaurant","35-2014",915.4,"1,033.2",0.6,0.6,117.8,12.9,312.9
"Cooks, Short Order","35-2015",174.2,183.6,0.1,0.1,9.4,5.4,46.5
"Cooks, All Other","35-2019",21.9,25.2,0.0,0.0,3.3,15.0,8.0
"Food Preparation Workers","35-2021",813.7,897.9,0.6,0.5,84.1,10.3,377.1
"Food and Beverage Serving Workers","35-3000","6,100.0","6,804.4",4.3,4.2,704.4,11.5,"3,138.6"
"Bartenders","35-3011",503.2,548.7,0.4,0.3,45.5,9.0,220.6
"Fast Food and Counter Workers","35-3020","3,127.6","3,553.0",2.2,2.2,425.4,13.6,"1,497.0"
"Combined Food Preparation and Serving Workers, Including Fast Food","35-3021","2,682.1","3,080.1",1.9,1.9,398.0,14.8,"1,146.5"
"Counter Attendants, Cafeteria, Food Concession, and Coffee Shop","35-3022",445.5,472.9,0.3,0.3,27.4,6.2,350.4
"Waiters and Waitresses","35-3031","2,260.3","2,456.2",1.6,1.5,195.9,8.7,"1,324.3"
"Food Servers, Nonrestaurant","35-3041",208.9,246.5,0.1,0.2,37.6,18.0,96.7
"Other Food Preparation and Serving Related Workers","35-9000","1,284.1","1,348.5",0.9,0.8,64.5,5.0,702.9
"Dining Room and Cafeteria Attendants and Bartender Helpers","35-9011",397.0,414.7,0.3,0.3,17.7,4.5,165.4
"Dishwashers","35-9021",510.2,546.0,0.4,0.3,35.9,7.0,268.8
"Hosts and Hostesses, Restaurant, Lounge, and Coffee Shop","35-9031",330.5,344.1,0.2,0.2,13.6,4.1,245.7
"Food Preparation and Serving Related Workers, All Other","35-9099",46.4,43.7,0.0,0.0,-2.7,-5.8,22.9
"Building and Grounds Cleaning and Maintenance Occupations","37-0000","5,498.5","6,162.5",3.8,3.8,664.0,12.1,"1,654.6"
"Supervisors of Building and Grounds Cleaning and Maintenance Workers","37-1000",429.6,462.2,0.3,0.3,32.6,7.6,93.3
"First-Line Supervisors of Housekeeping and Janitorial Workers","37-1011",226.7,228.6,0.2,0.1,1.9,0.8,33.2
"First-Line Supervisors of Landscaping, Lawn Service, and Groundskeeping Workers","37-1012",202.9,233.6,0.1,0.1,30.7,15.1,60.1
"Building Cleaning and Pest Control Workers","37-2000","3,819.2","4,196.1",2.7,2.6,376.8,9.9,"1,085.8"
"Building Cleaning Workers","37-2010","3,750.8","4,109.8",2.6,2.5,359.0,9.6,"1,037.3"
"Janitors and Cleaners, Except Maids and Housekeeping Cleaners","37-2011","2,310.4","2,556.8",1.6,1.6,246.4,10.7,682.0
"Maids and Housekeeping Cleaners","37-2012","1,427.3","1,538.9",1.0,0.9,111.6,7.8,351.9
"Building Cleaning Workers, All Other","37-2019",13.1,14.1,0.0,0.0,1.0,7.3,3.4
"Pest Control Workers","37-2021",68.4,86.2,0.0,0.1,17.9,26.1,48.5
"Grounds Maintenance Workers","37-3000","1,249.7","1,504.3",0.9,0.9,254.6,20.4,475.5
"Landscaping and Groundskeeping Workers","37-3011","1,151.5","1,392.3",0.8,0.9,240.8,20.9,444.4
"Pesticide Handlers, Sprayers, and Applicators, Vegetation","37-3012",29.5,32.5,0.0,0.0,3.0,10.2,8.2
"Tree Trimmers and Pruners","37-3013",50.6,59.7,0.0,0.0,9.1,17.9,18.0
"Grounds Maintenance Workers, All Other","37-3019",18.2,19.9,0.0,0.0,1.7,9.5,4.9
"Personal Care and Service Occupations","39-0000","4,994.7","6,331.4",3.5,3.9,"1,336.6",26.8,"2,582.9"
"Supervisors of Personal Care and Service Workers","39-1000",273.9,307.1,0.2,0.2,33.1,12.1,96.3
"First-Line Supervisors of Gaming Workers","39-1010",55.0,58.6,0.0,0.0,3.6,6.5,13.7
"Gaming Supervisors","39-1011",36.1,38.6,0.0,0.0,2.5,6.9,9.2
"Slot Supervisors","39-1012",18.9,20.0,0.0,0.0,1.1,5.7,4.6
"First-Line Supervisors of Personal Service Workers","39-1021",218.9,248.5,0.2,0.2,29.6,13.5,82.6
"Animal Care and Service Workers","39-2000",234.9,288.9,0.2,0.2,54.0,23.0,100.4
"Animal Trainers","39-2011",45.8,47.3,0.0,0.0,1.5,3.2,5.9
"Nonfarm Animal Caretakers","39-2021",189.1,241.5,0.1,0.1,52.5,27.8,94.4
"Entertainment Attendants and Related Workers","39-3000",559.6,637.1,0.4,0.4,77.5,13.9,382.1
"Gaming Services Workers","39-3010",118.8,137.7,0.1,0.1,19.0,16.0,69.9
"Gaming Dealers","39-3011",91.0,106.6,0.1,0.1,15.5,17.1,54.6
"Gaming and Sports Book Writers and Runners","39-3012",15.3,17.2,0.0,0.0,1.9,12.1,8.4
"Gaming Service Workers, All Other","39-3019",12.4,14.0,0.0,0.0,1.6,12.9,6.9
"Motion Picture Projectionists","39-3021",10.4,9.2,0.0,0.0,-1.1,-11.1,4.4
"Ushers, Lobby Attendants, and Ticket Takers","39-3031",109.1,120.2,0.1,0.1,11.1,10.2,74.7
"Miscellaneous Entertainment Attendants and Related Workers","39-3090",321.4,370.0,0.2,0.2,48.6,15.1,233.1
"Amusement and Recreation Attendants","39-3091",261.3,298.5,0.2,0.2,37.2,14.2,187.1
"Costume Attendants","39-3092",5.5,6.1,0.0,0.0,0.5,9.9,3.7
"Locker Room, Coatroom, and Dressing Room Attendants","39-3093",17.6,20.2,0.0,0.0,2.6,14.6,12.7
"Entertainment Attendants and Related Workers, All Other","39-3099",37.0,45.3,0.0,0.0,8.3,22.5,29.5
"Funeral Service Workers","39-4000",67.3,74.6,0.0,0.0,7.3,10.9,30.7
"Embalmers","39-4011",7.1,7.4,0.0,0.0,0.4,5.3,3.7
"Funeral Attendants","39-4021",31.0,32.6,0.0,0.0,1.6,5.2,16.3
"Funeral Service Managers, Directors, Morticians, and Undertakers","39-4831",29.3,34.6,0.0,0.0,5.3,18.2,10.7
"Personal Appearance Workers","39-5000",845.0,971.3,0.6,0.6,126.3,15.0,287.6
"Barbers, Hairdressers, Hairstylists and Cosmetologists","39-5010",689.8,792.7,0.5,0.5,102.9,14.9,233.9
"Barbers","39-5011",62.2,66.7,0.0,0.0,4.5,7.2,15.8
"Hairdressers, Hairstylists, and Cosmetologists","39-5012",627.7,726.1,0.4,0.4,98.4,15.7,218.1
"Miscellaneous Personal Appearance Workers","39-5090",155.1,178.6,0.1,0.1,23.4,15.1,53.7
"Makeup Artists, Theatrical and Performance","39-5091",3.5,3.6,0.0,0.0,0.1,3.4,0.8
"Manicurists and Pedicurists","39-5092",81.7,95.3,0.1,0.1,13.6,16.7,28.5
"Shampooers","39-5093",22.3,20.3,0.0,0.0,-2.0,-9.0,4.1
"Skincare Specialists","39-5094",47.6,59.3,0.0,0.0,11.7,24.6,20.4
"Baggage Porters, Bellhops, and Concierges","39-6000",66.3,74.4,0.0,0.0,8.1,12.2,24.5
"Baggage Porters and Bellhops","39-6011",46.0,51.7,0.0,0.0,5.7,12.4,17.1
"Concierges","39-6012",20.3,22.7,0.0,0.0,2.4,11.9,7.4
"Tour and Travel Guides","39-7000",39.1,46.4,0.0,0.0,7.3,18.5,22.2
"Tour Guides and Escorts","39-7011",34.9,41.2,0.0,0.0,6.3,17.9,19.6
"Travel Guides","39-7012",4.2,5.2,0.0,0.0,1.0,23.6,2.6
"Other Personal Care and Service Workers","39-9000","2,908.6","3,931.6",2.0,2.4,"1,023.0",35.2,"1,639.1"
"Childcare Workers","39-9011","1,282.3","1,544.3",0.9,0.9,262.0,20.4,665.8
"Personal Care Aides","39-9021",861.0,"1,468.0",0.6,0.9,607.0,70.5,675.2
"Recreation and Fitness Workers","39-9030",590.5,715.2,0.4,0.4,124.7,21.1,219.2
"Fitness Trainers and Aerobics Instructors","39-9031",251.4,311.8,0.2,0.2,60.4,24.0,100.6
"Recreation Workers","39-9032",339.1,403.4,0.2,0.2,64.3,19.0,118.6
"Residential Advisors","39-9041",72.6,90.7,0.1,0.1,18.1,25.0,45.7
"Personal Care and Service Workers, All Other","39-9099",102.3,113.5,0.1,0.1,11.2,10.9,33.3
"Sales and Related Occupations","41-0000","14,915.6","16,784.7",10.4,10.3,"1,869.1",12.5,"6,453.5"
"Supervisors of Sales Workers","41-1000","2,042.4","2,195.5",1.4,1.3,153.1,7.5,637.3
"First-Line Supervisors of Retail Sales Workers","41-1011","1,619.5","1,755.5",1.1,1.1,136.0,8.4,513.7
"First-Line Supervisors of Non-Retail Sales Workers","41-1012",422.9,440.0,0.3,0.3,17.1,4.0,123.5
"Retail Sales Workers","41-2000","8,267.6","9,305.9",5.8,5.7,"1,038.3",12.6,"3,997.5"
"Cashiers","41-2010","3,382.6","3,630.4",2.4,2.2,247.8,7.3,"1,785.0"
"Cashiers","41-2011","3,362.6","3,612.8",2.4,2.2,250.2,7.4,"1,775.9"
"Gaming Change Persons and Booth Cashiers","41-2012",20.1,17.6,0.0,0.0,-2.4,-12.1,9.1
"Counter and Rental Clerks and Parts Salespersons","41-2020",623.4,707.0,0.4,0.4,83.6,13.4,253.8
"Counter and Rental Clerks","41-2021",419.5,470.6,0.3,0.3,51.1,12.2,146.6
"Parts Salespersons","41-2022",203.9,236.5,0.1,0.1,32.6,16.0,107.2
"Retail Salespersons","41-2031","4,261.6","4,968.4",3.0,3.0,706.8,16.6,"1,958.7"
"Sales Representatives, Services","41-3000","1,528.3","1,800.3",1.1,1.1,272.1,17.8,675.4
"Advertising Sales Agents","41-3011",160.4,181.3,0.1,0.1,20.9,13.0,69.9
"Insurance Sales Agents","41-3021",411.5,501.7,0.3,0.3,90.2,21.9,184.4
"Securities, Commodities, and Financial Services Sales Agents","41-3031",312.2,359.7,0.2,0.2,47.5,15.2,133.7
"Travel Agents","41-3041",82.8,91.1,0.1,0.1,8.3,10.0,17.2
"Sales Representatives, Services, All Other","41-3099",561.3,666.6,0.4,0.4,105.3,18.8,270.1
"Sales Representatives, Wholesale and Manufacturing","41-4000","1,830.0","2,118.9",1.3,1.3,288.9,15.8,719.6
"Sales Representatives, Wholesale and Manufacturing, Technical and Scientific Products","41-4011",400.0,465.5,0.3,0.3,65.5,16.4,159.7
"Sales Representatives, Wholesale and Manufacturing, Except Technical and Scientific Products","41-4012","1,430.0","1,653.4",1.0,1.0,223.4,15.6,559.9
"Other Sales and Related Workers","41-9000","1,247.3","1,364.0",0.9,0.8,116.7,9.4,423.8
"Models, Demonstrators, and Product Promoters","41-9010",91.4,107.4,0.1,0.1,16.0,17.5,42.6
"Demonstrators and Product Promoters","41-9011",90.1,105.8,0.1,0.1,15.8,17.5,42.1
"Models","41-9012",1.4,1.6,0.0,0.0,0.2,14.5,0.6
"Real Estate Brokers and Sales Agents","41-9020",466.1,518.6,0.3,0.3,52.5,11.3,157.3
"Real Estate Brokers","41-9021",98.6,106.2,0.1,0.1,7.5,7.6,29.7
"Real Estate Sales Agents","41-9022",367.5,412.5,0.3,0.3,45.0,12.2,127.6
"Sales Engineers","41-9031",66.4,75.9,0.0,0.0,9.5,14.4,32.1
"Telemarketers","41-9041",290.7,312.2,0.2,0.2,21.5,7.4,83.5
"Door-to-Door Sales Workers, News and Street Vendors, and Related Workers","41-9091",153.8,142.3,0.1,0.1,-11.5,-7.5,34.4
"Sales and Related Workers, All Other","41-9799",178.9,207.6,0.1,0.1,28.7,16.0,73.9
"Office and Administrative Support Occupations","43-0000","22,602.5","24,938.2",15.8,15.2,"2,335.7",10.3,"7,449.7"
"Supervisors of Office and Administrative Support Workers","43-1000","1,424.4","1,627.8",1.0,1.0,203.4,14.3,584.4
"First-Line Supervisors of Office and Administrative Support Workers","43-1011","1,424.4","1,627.8",1.0,1.0,203.4,14.3,584.4
"Communications Equipment Operators","43-2000",164.0,127.8,0.1,0.1,-36.1,-22.0,33.6
"Switchboard Operators, Including Answering Service","43-2011",142.5,109.3,0.1,0.1,-33.2,-23.3,27.6
"Telephone Operators","43-2021",18.5,15.4,0.0,0.0,-3.1,-16.6,5.0
"Communications Equipment Operators, All Other","43-2099",3.0,3.1,0.0,0.0,0.1,4.1,0.9
"Financial Clerks","43-3000","3,644.6","4,097.4",2.5,2.5,452.8,12.4,"1,132.8"
"Bill and Account Collectors","43-3011",401.7,458.9,0.3,0.3,57.2,14.2,135.5
"Billing and Posting Clerks","43-3021",504.8,604.4,0.4,0.4,99.6,19.7,187.6
"Bookkeeping, Accounting, and Auditing Clerks","43-3031","1,898.3","2,157.4",1.3,1.3,259.0,13.6,467.8
"Gaming Cage Workers","43-3041",15.9,13.9,0.0,0.0,-2.0,-12.7,3.1
"Payroll and Timekeeping Clerks","43-3051",187.0,214.3,0.1,0.1,27.3,14.6,65.7
"Procurement Clerks","43-3061",76.9,81.3,0.1,0.0,4.4,5.7,35.5
"Tellers","43-3071",560.0,567.3,0.4,0.3,7.3,1.3,237.5
"Information and Record Clerks","43-4000","5,320.0","6,029.4",3.7,3.7,709.4,13.3,"2,243.7"
"Brokerage Clerks","43-4011",58.0,61.4,0.0,0.0,3.4,5.9,19.7
"Correspondence Clerks","43-4021",10.2,9.0,0.0,0.0,-1.2,-12.1,2.9
"Court, Municipal, and License Clerks","43-4031",129.5,139.9,0.1,0.1,10.4,8.0,46.7
"Credit Authorizers, Checkers, and Clerks","43-4041",54.3,56.9,0.0,0.0,2.6,4.8,17.8
"Customer Service Representatives","43-4051","2,187.3","2,525.6",1.5,1.5,338.4,15.5,959.6
"Eligibility Interviewers, Government Programs","43-4061",125.7,129.6,0.1,0.1,3.9,3.1,37.4
"File Clerks","43-4071",185.0,176.2,0.1,0.1,-8.8,-4.8,48.7
"Hotel, Motel, and Resort Desk Clerks","43-4081",227.5,252.7,0.2,0.2,25.2,11.1,115.9
"Interviewers, Except Eligibility and Loan","43-4111",213.5,250.4,0.1,0.2,36.9,17.3,79.6
"Library Assistants, Clerical","43-4121",116.1,128.0,0.1,0.1,11.9,10.3,64.1
"Loan Interviewers and Clerks","43-4131",182.5,176.8,0.1,0.1,-5.7,-3.1,33.9
"New Accounts Clerks","43-4141",68.0,69.4,0.0,0.0,1.4,2.0,20.4
"Order Clerks","43-4151",212.1,227.9,0.1,0.1,15.7,7.4,75.2
"Human Resources Assistants, Except Payroll and Timekeeping","43-4161",156.9,174.5,0.1,0.1,17.6,11.2,61.6
"Receptionists and Information Clerks","43-4171","1,048.5","1,297.0",0.7,0.8,248.5,23.7,565.6
"Reservation and Transportation Ticket Agents and Travel Clerks","43-4181",124.3,131.5,0.1,0.1,7.2,5.8,30.8
"Information and Record Clerks, All Other","43-4199",220.6,222.7,0.2,0.1,2.1,1.0,63.9
"Material Recording, Scheduling, Dispatching, and Distributing Workers","43-5000","3,861.3","3,856.7",2.7,2.4,-4.6,-0.1,"1,091.8"
"Cargo and Freight Agents","43-5011",82.2,106.3,0.1,0.1,24.1,29.3,44.2
"Couriers and Messengers","43-5021",116.2,130.8,0.1,0.1,14.6,12.6,43.0
"Dispatchers","43-5030",285.3,331.4,0.2,0.2,46.2,16.2,100.1
"Police, Fire, and Ambulance Dispatchers","43-5031",100.1,111.8,0.1,0.1,11.7,11.7,30.7
"Dispatchers, Except Police, Fire, and Ambulance","43-5032",185.2,219.6,0.1,0.1,34.4,18.6,69.5
"Meter Readers, Utilities","43-5041",40.5,41.0,0.0,0.0,0.5,1.2,12.7
"Postal Service Workers","43-5050",524.2,385.6,0.4,0.2,-138.6,-26.4,126.3
"Postal Service Clerks","43-5051",65.6,34.0,0.0,0.0,-31.6,-48.2,15.5
"Postal Service Mail Carriers","43-5052",316.7,278.5,0.2,0.2,-38.1,-12.0,103.4
"Postal Service Mail Sorters, Processors, and Processing Machine Operators","43-5053",142.0,73.0,0.1,0.0,-68.9,-48.5,7.5
"Production, Planning, and Expediting Clerks","43-5061",271.0,288.9,0.2,0.2,17.8,6.6,88.8
"Shipping, Receiving, and Traffic Clerks","43-5071",687.6,689.5,0.5,0.4,2.0,0.3,177.4
"Stock Clerks and Order Fillers","43-5081","1,787.4","1,808.3",1.2,1.1,20.9,1.2,465.0
"Weighers, Measurers, Checkers, and Samplers, Recordkeeping","43-5111",66.9,74.9,0.0,0.0,8.0,12.0,34.2
"Secretaries and Administrative Assistants","43-6000","4,010.2","4,503.1",2.8,2.8,492.9,12.3,"1,030.6"
"Executive Secretaries and Executive Administrative Assistants","43-6011","1,236.1","1,392.1",0.9,0.9,156.0,12.6,321.8
"Legal Secretaries","43-6012",233.2,241.4,0.2,0.1,8.2,3.5,39.4
"Medical Secretaries","43-6013",508.7,718.9,0.4,0.4,210.2,41.3,278.4
"Secretaries and Administrative Assistants, Except Legal, Medical, and Executive","43-6014","2,032.2","2,150.8",1.4,1.3,118.5,5.8,391.0
"Other Office and Administrative Support Workers","43-9000","4,178.1","4,696.0",2.9,2.9,517.9,12.4,"1,332.9"
"Computer Operators","43-9011",86.4,78.9,0.1,0.0,-7.4,-8.6,8.3
"Data Entry and Information Processing Workers","43-9020",350.0,320.9,0.2,0.2,-29.1,-8.3,47.8
"Data Entry Keyers","43-9021",234.7,218.8,0.2,0.1,-15.9,-6.8,41.2
"Word Processors and Typists","43-9022",115.3,102.1,0.1,0.1,-13.2,-11.5,6.7
"Desktop Publishers","43-9031",22.6,19.2,0.0,0.0,-3.3,-14.7,4.2
"Insurance Claims and Policy Processing Clerks","43-9041",248.1,269.7,0.2,0.2,21.6,8.7,96.0
"Mail Clerks and Mail Machine Operators, Except Postal Service","43-9051",126.3,141.6,0.1,0.1,15.2,12.1,39.6
"Office Clerks, General","43-9061","2,950.7","3,440.2",2.1,2.1,489.5,16.6,"1,011.5"
"Office Machine Operators, Except Computer","43-9071",69.8,63.0,0.0,0.0,-6.8,-9.7,19.6
"Proofreaders and Copy Markers","43-9081",14.0,14.7,0.0,0.0,0.7,4.8,3.3
"Statistical Assistants","43-9111",16.6,17.6,0.0,0.0,1.0,6.0,4.1
"Office and Administrative Support Workers, All Other","43-9799",293.6,330.1,0.2,0.2,36.5,12.4,98.5
"Farming, Fishing, and Forestry Occupations","45-0000",972.1,952.6,0.7,0.6,-19.4,-2.0,290.8
"Supervisors of Farming, Fishing, and Forestry Workers","45-1000",47.0,46.3,0.0,0.0,-0.7,-1.5,13.6
"First-Line Supervisors of Farming, Fishing, and Forestry Workers","45-1011",47.0,46.3,0.0,0.0,-0.7,-1.5,13.6
"Agricultural Workers","45-2000",825.5,806.4,0.6,0.5,-19.1,-2.3,249.2
"Agricultural Inspectors","45-2011",19.3,19.6,0.0,0.0,0.3,1.5,6.0
"Animal Breeders","45-2021",11.5,10.7,0.0,0.0,-0.9,-7.5,3.6
"Graders and Sorters, Agricultural Products","45-2041",48.2,48.8,0.0,0.0,0.6,1.2,12.2
"Miscellaneous Agricultural Workers","45-2090",746.4,727.3,0.5,0.4,-19.1,-2.6,227.4
"Fishing and Hunting Workers","45-3000",32.6,30.6,0.0,0.0,-2.0,-6.2,9.4
"Fishers and Related Fishing Workers","45-3011",32.0,30.0,0.0,0.0,-2.0,-6.3,9.2
"Forest, Conservation, and Logging Workers","45-4000",67.0,69.4,0.0,0.0,2.4,3.6,18.6
"Forest and Conservation Workers","45-4011",13.7,13.9,0.0,0.0,0.1,1.0,3.5
"Logging Workers","45-4020",53.2,55.5,0.0,0.0,2.3,4.3,15.1
"Fallers","45-4021",9.6,9.9,0.0,0.0,0.3,3.3,2.6
"Logging Equipment Operators","45-4022",35.1,36.4,0.0,0.0,1.3,3.7,9.8
"Log Graders and Scalers","45-4023",3.8,4.3,0.0,0.0,0.5,13.3,1.4
"Logging Workers, All Other","45-4029",4.8,4.9,0.0,0.0,0.1,3.0,1.3
"Construction and Extraction Occupations","47-0000","6,328.0","7,735.2",4.4,4.7,"1,407.2",22.2,"2,760.1"
"Supervisors of Construction and Extraction Workers","47-1000",558.5,689.5,0.4,0.4,131.0,23.5,259.7
"First-Line Supervisors of Construction Trades and Extraction Workers","47-1011",558.5,689.5,0.4,0.4,131.0,23.5,259.7
"Construction Trades Workers","47-2000","4,864.9","5,960.5",3.4,3.6,"1,095.6",22.5,"2,085.0"
"Boilermakers","47-2011",19.8,24.0,0.0,0.0,4.2,21.3,11.8
"Brickmasons, Blockmasons, and Stonemasons","47-2020",104.8,146.7,0.1,0.1,41.8,39.9,63.4
"Brickmasons and Blockmasons","47-2021",89.2,125.3,0.1,0.1,36.1,40.5,54.5
"Stonemasons","47-2022",15.6,21.4,0.0,0.0,5.7,36.5,8.9
"Carpenters","47-2031","1,001.7","1,197.6",0.7,0.7,196.0,19.6,408.3
"Carpet, Floor, and Tile Installers and Finishers","47-2040",134.5,157.5,0.1,0.1,23.0,17.1,52.2
"Carpet Installers","47-2041",47.5,52.4,0.0,0.0,4.9,10.4,15.2
"Floor Layers, Except Carpet, Wood, and Hard Tiles","47-2042",17.6,18.8,0.0,0.0,1.2,6.8,5.0
"Floor Sanders and Finishers","47-2043",10.7,12.6,0.0,0.0,1.9,18.2,4.2
"Tile and Marble Setters","47-2044",58.7,73.7,0.0,0.0,14.9,25.4,27.7
"Cement Masons, Concrete Finishers, and Terrazzo Workers","47-2050",148.4,199.1,0.1,0.1,50.7,34.1,74.1
"Cement Masons and Concrete Finishers","47-2051",144.7,194.8,0.1,0.1,50.1,34.6,72.9
"Terrazzo Workers and Finishers","47-2053",3.7,4.3,0.0,0.0,0.6,15.0,1.1
"Construction Laborers","47-2061",998.8,"1,211.2",0.7,0.7,212.4,21.3,292.4
"Construction Equipment Operators","47-2070",404.9,499.6,0.3,0.3,94.8,23.4,187.2
"Paving, Surfacing, and Tamping Equipment Operators","47-2071",51.6,63.0,0.0,0.0,11.4,22.1,22.0
"Pile-Driver Operators","47-2072",4.1,5.6,0.0,0.0,1.5,36.0,2.3
"Operating Engineers and Other Construction Equipment Operators","47-2073",349.1,431.0,0.2,0.3,81.9,23.5,162.8
"Drywall Installers, Ceiling Tile Installers, and Tapers","47-2080",129.6,166.9,0.1,0.1,37.3,28.8,72.9
"Drywall and Ceiling Tile Installers","47-2081",106.7,136.0,0.1,0.1,29.4,27.5,58.7
"Tapers","47-2082",22.9,30.9,0.0,0.0,8.0,34.7,14.3
"Electricians","47-2111",577.0,710.6,0.4,0.4,133.7,23.2,289.2
"Glaziers","47-2121",41.9,59.6,0.0,0.0,17.7,42.4,33.4
"Insulation Workers","47-2130",51.4,65.8,0.0,0.0,14.4,28.0,34.7
"Insulation Workers, Floor, Ceiling, and Wall","47-2131",23.2,28.6,0.0,0.0,5.4,23.4,14.6
"Insulation Workers, Mechanical","47-2132",28.3,37.3,0.0,0.0,9.0,31.8,20.1
"Painters and Paperhangers","47-2140",399.6,472.6,0.3,0.3,73.1,18.3,159.2
"Painters, Construction and Maintenance","47-2141",390.5,462.7,0.3,0.3,72.1,18.5,157.3
"Paperhangers","47-2142",9.1,10.0,0.0,0.0,0.9,10.3,1.9
"Pipelayers, Plumbers, Pipefitters, and Steamfitters","47-2150",473.0,594.1,0.3,0.4,121.1,25.6,257.6
"Pipelayers","47-2151",53.1,66.6,0.0,0.0,13.4,25.3,28.8
"Plumbers, Pipefitters, and Steamfitters","47-2152",419.9,527.5,0.3,0.3,107.6,25.6,228.8
"Plasterers and Stucco Masons","47-2161",27.9,32.7,0.0,0.0,4.8,17.1,10.5
"Reinforcing Iron and Rebar Workers","47-2171",19.1,28.4,0.0,0.0,9.3,48.6,13.2
"Roofers","47-2181",136.7,161.1,0.1,0.1,24.4,17.8,52.5
"Sheet Metal Workers","47-2211",136.1,160.0,0.1,0.1,23.9,17.5,47.0
"Structural Iron and Steel Workers","47-2221",59.8,72.9,0.0,0.0,13.1,21.9,25.4
"Helpers, Construction Trades","47-3000",251.4,353.2,0.2,0.2,101.8,40.5,168.5
"Helpers--Brickmasons, Blockmasons, Stonemasons, and Tile and Marble Setters","47-3011",29.4,47.0,0.0,0.0,17.6,60.1,25.4
"Helpers--Carpenters","47-3012",46.5,72.4,0.0,0.0,25.9,55.7,38.2
"Helpers--Electricians","47-3013",73.5,96.0,0.1,0.1,22.5,30.6,42.0
"Helpers--Painters, Paperhangers, Plasterers, and Stucco Masons","47-3014",11.9,14.5,0.0,0.0,2.6,22.0,5.8
"Helpers--Pipelayers, Plumbers, Pipefitters, and Steamfitters","47-3015",57.9,84.2,0.0,0.1,26.3,45.4,41.7
"Helpers--Roofers","47-3016",12.7,13.9,0.0,0.0,1.2,9.6,4.6
"Helpers, Construction Trades, All Other","47-3019",19.6,25.2,0.0,0.0,5.6,28.7,10.8
"Other Construction and Related Workers","47-4000",428.0,491.3,0.3,0.3,63.3,14.8,183.7
"Construction and Building Inspectors","47-4011",102.4,120.8,0.1,0.1,18.4,17.9,48.6
"Elevator Installers and Repairers","47-4021",19.9,22.2,0.0,0.0,2.3,11.3,8.2
"Fence Erectors","47-4031",32.1,39.7,0.0,0.0,7.6,23.8,16.4
"Hazardous Materials Removal Workers","47-4041",38.1,46.9,0.0,0.0,8.8,23.1,18.9
"Highway Maintenance Workers","47-4051",148.5,160.7,0.1,0.1,12.2,8.2,51.4
"Rail-Track Laying and Maintenance Equipment Operators","47-4061",15.0,15.3,0.0,0.0,0.3,1.9,4.2
"Septic Tank Servicers and Sewer Pipe Cleaners","47-4071",25.3,30.6,0.0,0.0,5.2,20.7,11.9
"Miscellaneous Construction and Related Workers","47-4090",1.3,1.8,0.0,0.0,0.4,33.1,0.9
"Segmental Pavers","47-4091",1.3,1.8,0.0,0.0,0.4,33.1,0.9
"Construction and Related Workers, All Other","47-4799",45.3,53.4,0.0,0.0,8.1,17.9,23.2
"Extraction Workers","47-5000",225.1,240.6,0.2,0.1,15.5,6.9,63.2
"Derrick, Rotary Drill, and Service Unit Operators, Oil, Gas, and Mining","47-5010",82.1,89.0,0.1,0.1,6.9,8.4,24.2
"Derrick Operators, Oil and Gas","47-5011",18.9,20.7,0.0,0.0,1.8,9.3,5.7
"Rotary Drill Operators, Oil and Gas","47-5012",22.5,24.1,0.0,0.0,1.6,7.2,6.4
"Service Unit Operators, Oil, Gas, and Mining","47-5013",40.7,44.2,0.0,0.0,3.5,8.6,12.1
"Earth Drillers, Except Oil and Gas","47-5021",17.8,20.3,0.0,0.0,2.5,13.8,6.2
"Explosives Workers, Ordnance Handling Experts, and Blasters","47-5031",6.8,6.8,0.0,0.0,0.0,0.2,1.4
"Mining Machine Operators","47-5040",24.3,24.5,0.0,0.0,0.2,0.7,5.3
"Continuous Mining Machine Operators","47-5041",13.9,13.9,0.0,0.0,0.1,0.4,3.0
"Mine Cutting and Channeling Machine Operators","47-5042",7.0,7.1,0.0,0.0,0.1,2.1,1.6
"Mining Machine Operators, All Other","47-5049",3.4,3.4,0.0,0.0,0.0,-1.1,0.7
"Rock Splitters, Quarry","47-5051",3.5,4.0,0.0,0.0,0.4,11.7,1.2
"Roof Bolters, Mining","47-5061",5.7,5.8,0.0,0.0,0.1,2.0,1.3
"Roustabouts, Oil and Gas","47-5071",52.7,57.1,0.0,0.0,4.4,8.3,15.5
"Helpers--Extraction Workers","47-5081",24.6,26.0,0.0,0.0,1.4,5.5,6.5
"Extraction Workers, All Other","47-5099",7.5,7.3,0.0,0.0,-0.2,-2.9,1.6
"Installation, Maintenance, and Repair Occupations","49-0000","5,428.6","6,228.7",3.8,3.8,800.2,14.7,"2,025.8"
"Supervisors of Installation, Maintenance, and Repair Workers","49-1000",431.2,482.6,0.3,0.3,51.4,11.9,164.9
"First-Line Supervisors of Mechanics, Installers, and Repairers","49-1011",431.2,482.6,0.3,0.3,51.4,11.9,164.9
"Electrical and Electronic Equipment Mechanics, Installers, and Repairers","49-2000",611.2,683.1,0.4,0.4,71.8,11.8,201.0
"Computer, Automated Teller, and Office Machine Repairers","49-2011",146.2,155.8,0.1,0.1,9.5,6.5,45.4
"Radio and Telecommunications Equipment Installers and Repairers","49-2020",204.8,236.1,0.1,0.1,31.3,15.3,63.8
"Radio, Cellular, and Tower Equipment Installers and Repairs","49-2021",9.9,12.8,0.0,0.0,2.9,29.4,4.5
"Telecommunications Equipment Installers and Repairers, Except Line Installers","49-2022",194.9,223.3,0.1,0.1,28.4,14.6,59.3
"Miscellaneous Electrical and Electronic Equipment Mechanics, Installers, and Repairers","49-2090",260.2,291.2,0.2,0.2,31.0,11.9,91.8
"Avionics Technicians","49-2091",18.6,19.8,0.0,0.0,1.3,6.9,5.8
"Electric Motor, Power Tool, and Related Repairers","49-2092",19.8,20.8,0.0,0.0,1.0,4.9,2.7
"Electrical and Electronics Installers and Repairers, Transportation Equipment","49-2093",12.7,13.0,0.0,0.0,0.3,2.1,3.4
"Electrical and Electronics Repairers, Commercial and Industrial Equipment","49-2094",69.1,69.9,0.0,0.0,0.8,1.1,17.7
"Electrical and Electronics Repairers, Powerhouse, Substation, and Relay","49-2095",23.4,24.6,0.0,0.0,1.1,4.9,6.9
"Electronic Equipment Installers and Repairers, Motor Vehicles","49-2096",16.0,16.4,0.0,0.0,0.4,2.8,4.4
"Electronic Home Entertainment Equipment Installers and Repairers","49-2097",36.8,41.9,0.0,0.0,5.1,13.9,14.1
"Security and Fire Alarm Systems Installers","49-2098",63.8,84.8,0.0,0.1,21.0,33.0,36.7
"Vehicle and Mobile Equipment Mechanics, Installers, and Repairers","49-3000","1,627.1","1,894.3",1.1,1.2,267.3,16.4,680.9
"Aircraft Mechanics and Service Technicians","49-3011",123.8,131.6,0.1,0.1,7.8,6.3,45.2
"Automotive Technicians and Repairers","49-3020",894.3,"1,051.8",0.6,0.6,157.5,17.6,386.2
"Automotive Body and Related Repairers","49-3021",152.9,181.1,0.1,0.1,28.2,18.4,65.2
"Automotive Glass Installers and Repairers","49-3022",18.1,22.6,0.0,0.0,4.5,25.0,9.2
"Automotive Service Technicians and Mechanics","49-3023",723.4,848.2,0.5,0.5,124.8,17.2,311.7
"Bus and Truck Mechanics and Diesel Engine Specialists","49-3031",242.2,277.4,0.2,0.2,35.2,14.5,87.8
"Heavy Vehicle and Mobile Equipment Service Technicians and Mechanics","49-3040",179.2,207.5,0.1,0.1,28.2,15.8,74.8
"Farm Equipment Mechanics and Service Technicians","49-3041",32.9,37.3,0.0,0.0,4.4,13.4,12.9
"Mobile Heavy Equipment Mechanics, Except Engines","49-3042",124.6,144.8,0.1,0.1,20.2,16.2,52.5
"Rail Car Repairers","49-3043",21.7,25.4,0.0,0.0,3.7,16.9,9.3
"Small Engine Mechanics","49-3050",68.8,83.1,0.0,0.1,14.3,20.7,32.0
"Motorboat Mechanics and Service Technicians","49-3051",20.8,25.0,0.0,0.0,4.3,20.6,9.6
"Motorcycle Mechanics","49-3052",18.0,22.2,0.0,0.0,4.2,23.6,8.9
"Outdoor Power Equipment and Other Small Engine Mechanics","49-3053",30.1,35.8,0.0,0.0,5.7,19.1,13.5
"Miscellaneous Vehicle and Mobile Equipment Mechanics, Installers, and Repairers","49-3090",118.8,143.0,0.1,0.1,24.3,20.4,55.0
"Bicycle Repairers","49-3091",9.9,13.6,0.0,0.0,3.7,37.6,6.3
"Recreational Vehicle Service Technicians","49-3092",9.9,12.1,0.0,0.0,2.2,22.3,4.8
"Tire Repairers and Changers","49-3093",99.0,117.3,0.1,0.1,18.3,18.5,43.9
"Other Installation, Maintenance, and Repair Occupations","49-9000","2,759.0","3,168.7",1.9,1.9,409.7,14.8,979.0
"Control and Valve Installers and Repairers","49-9010",56.6,59.8,0.0,0.0,3.1,5.5,13.6
"Mechanical Door Repairers","49-9011",12.8,16.0,0.0,0.0,3.1,24.6,5.5
"Control and Valve Installers and Repairers, Except Mechanical Door","49-9012",43.8,43.8,0.0,0.0,0.0,-0.1,8.1
"Heating, Air Conditioning, and Refrigeration Mechanics and Installers","49-9021",267.8,358.1,0.2,0.2,90.3,33.7,137.6
"Home Appliance Repairers","49-9031",47.7,50.8,0.0,0.0,3.1,6.5,11.9
"Industrial Machinery Installation, Repair, and Maintenance Workers","49-9040",395.6,460.5,0.3,0.3,64.8,16.4,142.6
"Industrial Machinery Mechanics","49-9041",287.1,349.0,0.2,0.2,61.9,21.6,117.1
"Maintenance Workers, Machinery","49-9043",69.9,74.4,0.0,0.0,4.5,6.5,17.4
"Millwrights","49-9044",36.5,34.8,0.0,0.0,-1.8,-4.8,7.6
"Refractory Materials Repairers, Except Brickmasons","49-9045",2.1,2.3,0.0,0.0,0.2,8.6,0.6
"Line Installers and Repairers","49-9050",269.1,305.3,0.2,0.2,36.2,13.5,104.1
"Electrical Power-Line Installers and Repairers","49-9051",108.4,122.8,0.1,0.1,14.4,13.2,52.7
"Telecommunications Line Installers and Repairers","49-9052",160.6,182.5,0.1,0.1,21.9,13.6,51.4
"Precision Instrument and Equipment Repairers","49-9060",65.0,78.9,0.0,0.0,13.9,21.4,31.8
"Camera and Photographic Equipment Repairers","49-9061",3.3,3.6,0.0,0.0,0.3,10.3,1.2
"Medical Equipment Repairers","49-9062",37.9,49.9,0.0,0.0,11.9,31.5,22.3
"Musical Instrument Repairers and Tuners","49-9063",6.3,6.4,0.0,0.0,0.1,1.9,1.8
"Watch Repairers","49-9064",2.5,2.7,0.0,0.0,0.2,5.9,0.8
"Precision Instrument and Equipment Repairers, All Other","49-9069",15.0,16.4,0.0,0.0,1.4,9.3,5.5
"Maintenance and Repair Workers, General","49-9071","1,289.0","1,431.0",0.9,0.9,142.0,11.0,379.1
"Miscellaneous Installation, Maintenance, and Repair Workers","49-9090",224.6,264.0,0.2,0.2,39.4,17.5,115.2
"Coin, Vending, and Amusement Machine Servicers and Repairers","49-9091",39.1,47.7,0.0,0.0,8.6,22.1,16.3
"Commercial Divers","49-9092",3.8,4.4,0.0,0.0,0.6,16.2,1.3
"Fabric Menders, Except Garment","49-9093",0.8,0.8,0.0,0.0,-0.1,-6.3,0.2
"Locksmiths and Safe Repairers","49-9094",25.7,30.3,0.0,0.0,4.6,17.7,9.3
"Manufactured Building and Mobile Home Installers","49-9095",7.8,8.9,0.0,0.0,1.1,13.9,2.0
"Riggers","49-9096",15.2,16.8,0.0,0.0,1.6,10.6,4.4
"Signal and Track Switch Repairers","49-9097",7.1,7.0,0.0,0.0,-0.1,-2.0,1.3
"Helpers--Installation, Maintenance, and Repair Workers","49-9098",125.0,148.1,0.1,0.1,23.0,18.4,80.4
"Installation, Maintenance, and Repair Workers, All Other","49-9799",143.6,160.3,0.1,0.1,16.8,11.7,43.2
"Production Occupations","51-0000","8,594.4","8,951.2",6.0,5.5,356.8,4.2,"2,231.2"
"Supervisors of Production Workers","51-1000",588.5,599.4,0.4,0.4,10.9,1.9,87.9
"First-Line Supervisors of Production and Operating Workers","51-1011",588.5,599.4,0.4,0.4,10.9,1.9,87.9
"Assemblers and Fabricators","51-2000","1,626.5","1,714.5",1.1,1.0,88.0,5.4,409.3
"Aircraft Structure, Surfaces, Rigging, and Systems Assemblers","51-2011",36.3,41.5,0.0,0.0,5.2,14.3,12.2
"Electrical, Electronics, and Electromechanical Assemblers","51-2020",247.4,235.0,0.2,0.1,-12.4,-5.0,36.1
"Coil Winders, Tapers, and Finishers","51-2021",15.1,12.7,0.0,0.0,-2.4,-15.9,2.2
"Electrical and Electronic Equipment Assemblers","51-2022",182.9,172.4,0.1,0.1,-10.4,-5.7,26.4
"Electromechanical Equipment Assemblers","51-2023",49.4,49.8,0.0,0.0,0.4,0.8,7.5
"Engine and Other Machine Assemblers","51-2031",33.7,35.5,0.0,0.0,1.8,5.3,8.3
"Structural Metal Fabricators and Fitters","51-2041",80.9,93.7,0.1,0.1,12.7,15.7,28.3
"Miscellaneous Assemblers and Fabricators","51-2090","1,228.1","1,308.8",0.9,0.8,80.7,6.6,324.4
"Fiberglass Laminators and Fabricators","51-2091",19.4,19.1,0.0,0.0,-0.3,-1.8,3.9
"Team Assemblers","51-2092",952.6,"1,004.9",0.7,0.6,52.3,5.5,241.0
"Timing Device Assemblers and Adjusters","51-2093",1.6,1.6,0.0,0.0,0.0,1.2,0.3
"Assemblers and Fabricators, All Other","51-2099",254.5,283.2,0.2,0.2,28.7,11.3,79.2
"Food Processing Workers","51-3000",681.2,731.9,0.5,0.4,50.6,7.4,246.7
"Bakers","51-3011",149.8,153.3,0.1,0.1,3.5,2.3,46.8
"Butchers and Other Meat, Poultry, and Fish Processing Workers","51-3020",382.0,425.3,0.3,0.3,43.3,11.3,154.1
"Butchers and Meat Cutters","51-3021",126.8,136.8,0.1,0.1,10.1,7.9,46.8
"Meat, Poultry, and Fish Cutters and Trimmers","51-3022",166.1,192.0,0.1,0.1,25.8,15.5,74.0
"Slaughterers and Meat Packers","51-3023",89.1,96.5,0.1,0.1,7.4,8.3,33.3
"Miscellaneous Food Processing Workers","51-3090",149.4,153.3,0.1,0.1,3.8,2.6,45.8
"Food and Tobacco Roasting, Baking, and Drying Machine Operators and Tenders","51-3091",18.4,19.9,0.0,0.0,1.5,8.1,6.7
"Food Batchmakers","51-3092",98.7,99.4,0.1,0.1,0.7,0.7,28.2
"Food Cooking Machine Operators and Tenders","51-3093",32.3,34.0,0.0,0.0,1.6,5.1,10.9
"Metal Workers and Plastic Workers","51-4000","1,763.8","1,903.1",1.2,1.2,139.3,7.9,482.2
"Computer Control Programmers and Operators","51-4010",141.6,167.4,0.1,0.1,25.7,18.2,52.7
"Computer-Controlled Machine Tool Operators, Metal and Plastic","51-4011",125.1,149.0,0.1,0.1,24.0,19.2,47.8
"Computer Numerically Controlled Machine Tool Programmers, Metal and Plastic","51-4012",16.6,18.3,0.0,0.0,1.8,10.8,4.9
"Forming Machine Setters, Operators, and Tenders, Metal and Plastic","51-4020",131.2,140.9,0.1,0.1,9.7,7.4,34.7
"Extruding and Drawing Machine Setters, Operators, and Tenders, Metal and Plastic","51-4021",76.5,82.9,0.1,0.1,6.4,8.3,20.9
"Forging Machine Setters, Operators, and Tenders, Metal and Plastic","51-4022",22.5,23.2,0.0,0.0,0.7,3.0,5.0
"Rolling Machine Setters, Operators, and Tenders, Metal and Plastic","51-4023",32.2,34.8,0.0,0.0,2.6,8.2,8.8
"Machine Tool Cutting Setters, Operators, and Tenders, Metal and Plastic","51-4030",342.0,344.7,0.2,0.2,2.7,0.8,51.8
"Cutting, Punching, and Press Machine Setters, Operators, and Tenders, Metal and Plastic","51-4031",183.9,188.5,0.1,0.1,4.5,2.5,18.2
"Drilling and Boring Machine Tool Setters, Operators, and Tenders, Metal and Plastic","51-4032",22.7,21.1,0.0,0.0,-1.6,-7.0,1.3
"Grinding, Lapping, Polishing, and Buffing Machine Tool Setters, Operators, and Tenders, Metal and Plastic","51-4033",72.6,73.6,0.1,0.0,1.0,1.4,12.4
"Lathe and Turning Machine Tool Setters, Operators, and Tenders, Metal and Plastic","51-4034",41.9,39.9,0.0,0.0,-2.0,-4.7,15.2
"Milling and Planing Machine Setters, Operators, and Tenders, Metal and Plastic","51-4035",20.8,21.6,0.0,0.0,0.7,3.6,4.7
"Machinists","51-4041",370.4,401.9,0.3,0.2,31.5,8.5,99.5
"Metal Furnace Operators, Tenders, Pourers, and Casters","51-4050",27.1,30.2,0.0,0.0,3.1,11.3,8.2
"Metal-Refining Furnace Operators and Tenders","51-4051",15.6,18.2,0.0,0.0,2.5,16.3,5.5
"Pourers and Casters, Metal","51-4052",11.5,12.0,0.0,0.0,0.5,4.5,2.7
"Model Makers and Patternmakers, Metal and Plastic","51-4060",10.7,10.1,0.0,0.0,-0.6,-5.5,0.5
"Model Makers, Metal and Plastic","51-4061",6.2,5.7,0.0,0.0,-0.5,-8.2,0.3
"Patternmakers, Metal and Plastic","51-4062",4.5,4.4,0.0,0.0,-0.1,-1.9,0.2
"Molders and Molding Machine Setters, Operators, and Tenders, Metal and Plastic","51-4070",125.4,132.4,0.1,0.1,7.0,5.6,28.0
"Foundry Mold and Coremakers","51-4071",10.2,11.3,0.0,0.0,1.2,11.5,2.9
"Molding, Coremaking, and Casting Machine Setters, Operators, and Tenders, Metal and Plastic","51-4072",115.2,121.0,0.1,0.1,5.8,5.1,25.1
"Multiple Machine Tool Setters, Operators, and Tenders, Metal and Plastic","51-4081",70.4,73.0,0.0,0.0,2.7,3.8,16.1
"Tool and Die Makers","51-4111",67.7,66.1,0.0,0.0,-1.5,-2.3,3.5
"Welding, Soldering, and Brazing Workers","51-4120",378.8,432.3,0.3,0.3,53.4,14.1,154.5
"Welders, Cutters, Solderers, and Brazers","51-4121",337.3,388.0,0.2,0.2,50.7,15.0,140.7
"Welding, Soldering, and Brazing Machine Setters, Operators, and Tenders","51-4122",41.5,44.2,0.0,0.0,2.7,6.6,13.8
"Miscellaneous Metal Workers and Plastic Workers","51-4190",98.6,104.2,0.1,0.1,5.6,5.7,32.6
"Heat Treating Equipment Setters, Operators, and Tenders, Metal and Plastic","51-4191",18.6,18.8,0.0,0.0,0.1,0.8,14.8
"Layout Workers, Metal and Plastic","51-4192",8.9,10.1,0.0,0.0,1.2,13.7,2.9
"Plating and Coating Machine Setters, Operators, and Tenders, Metal and Plastic","51-4193",31.2,34.1,0.0,0.0,2.9,9.3,9.6
"Tool Grinders, Filers, and Sharpeners","51-4194",13.1,14.0,0.0,0.0,0.9,7.0,2.2
"Metal Workers and Plastic Workers, All Other","51-4199",26.8,27.2,0.0,0.0,0.4,1.6,3.2
"Printing Workers","51-5100",304.6,292.0,0.2,0.2,-12.6,-4.2,69.1
"Prepress Technicians and Workers","51-5111",50.8,42.8,0.0,0.0,-8.1,-15.9,11.9
"Printing Press Operators","51-5112",200.1,197.2,0.1,0.1,-2.9,-1.5,39.2
"Print Binding and Finishing Workers","51-5113",53.7,52.0,0.0,0.0,-1.7,-3.1,18.1
"Textile, Apparel, and Furnishings Workers","51-6000",681.8,616.3,0.5,0.4,-65.5,-9.6,97.5
"Laundry and Dry-Cleaning Workers","51-6011",225.2,226.8,0.2,0.1,1.6,0.7,44.3
"Pressers, Textile, Garment, and Related Materials","51-6021",57.8,51.0,0.0,0.0,-6.8,-11.8,4.0
"Sewing Machine Operators","51-6031",163.2,121.1,0.1,0.1,-42.1,-25.8,8.8
"Shoe and Leather Workers","51-6040",13.3,10.3,0.0,0.0,-3.1,-23.1,3.8
"Shoe and Leather Workers and Repairers","51-6041",10.2,8.8,0.0,0.0,-1.4,-13.6,3.4
"Shoe Machine Operators and Tenders","51-6042",3.2,1.5,0.0,0.0,-1.7,-53.4,0.4
"Tailors, Dressmakers, and Sewers","51-6050",57.5,57.9,0.0,0.0,0.4,0.6,8.6
"Sewers, Hand","51-6051",10.4,9.8,0.0,0.0,-0.6,-5.4,1.4
"Tailors, Dressmakers, and Custom Sewers","51-6052",47.2,48.1,0.0,0.0,0.9,2.0,7.2
"Textile Machine Setters, Operators, and Tenders","51-6060",80.3,67.3,0.1,0.0,-13.0,-16.2,10.0
"Textile Bleaching and Dyeing Machine Operators and Tenders","51-6061",13.9,11.8,0.0,0.0,-2.1,-15.2,1.9
"Textile Cutting Machine Setters, Operators, and Tenders","51-6062",14.9,11.7,0.0,0.0,-3.3,-21.8,3.5
"Textile Knitting and Weaving Machine Setters, Operators, and Tenders","51-6063",22.5,18.4,0.0,0.0,-4.1,-18.2,1.3
"Textile Winding, Twisting, and Drawing Out Machine Setters, Operators, and Tenders","51-6064",29.0,25.4,0.0,0.0,-3.6,-12.4,3.4
"Miscellaneous Textile, Apparel, and Furnishings Workers","51-6090",84.3,81.9,0.1,0.1,-2.4,-2.9,18.1
"Extruding and Forming Machine Setters, Operators, and Tenders, Synthetic and Glass Fibers","51-6091",14.7,14.4,0.0,0.0,-0.2,-1.6,2.0
"Fabric and Apparel Patternmakers","51-6092",6.0,3.9,0.0,0.0,-2.1,-35.6,0.8
"Upholsterers","51-6093",46.9,48.9,0.0,0.0,2.0,4.2,14.2
"Textile, Apparel, and Furnishings Workers, All Other","51-6099",16.7,14.7,0.0,0.0,-2.0,-12.1,1.1
"Woodworkers","51-7000",235.0,275.2,0.2,0.2,40.2,17.1,87.2
"Cabinetmakers and Bench Carpenters","51-7011",97.0,113.3,0.1,0.1,16.3,16.8,40.2
"Furniture Finishers","51-7021",20.6,21.8,0.0,0.0,1.1,5.5,6.2
"Model Makers and Patternmakers, Wood","51-7030",2.9,3.1,0.0,0.0,0.2,8.3,1.0
"Model Makers, Wood","51-7031",1.6,1.8,0.0,0.0,0.2,11.3,0.6
"Patternmakers, Wood","51-7032",1.2,1.3,0.0,0.0,0.1,4.3,0.4
"Woodworking Machine Setters, Operators, and Tenders","51-7040",99.6,121.5,0.1,0.1,21.9,21.9,35.5
"Sawing Machine Setters, Operators, and Tenders, Wood","51-7041",39.0,48.6,0.0,0.0,9.6,24.7,18.1
"Woodworking Machine Setters, Operators, and Tenders, Except Sawing","51-7042",60.6,72.9,0.0,0.0,12.2,20.2,17.4
"Woodworkers, All Other","51-7099",14.9,15.5,0.0,0.0,0.7,4.4,4.3
"Plant and System Operators","51-8000",316.7,318.4,0.2,0.2,1.7,0.5,108.9
"Power Plant Operators, Distributors, and Dispatchers","51-8010",55.9,54.8,0.0,0.0,-1.1,-2.0,20.0
"Nuclear Power Reactor Operators","51-8011",5.2,5.3,0.0,0.0,0.2,3.6,2.0
"Power Distributors and Dispatchers","51-8012",10.3,10.0,0.0,0.0,-0.3,-3.0,3.6
"Power Plant Operators","51-8013",40.5,39.5,0.0,0.0,-1.0,-2.5,14.4
"Stationary Engineers and Boiler Operators","51-8021",37.6,40.0,0.0,0.0,2.3,6.2,10.6
"Water and Wastewater Treatment Plant and System Operators","51-8031",110.7,123.6,0.1,0.1,12.9,11.6,41.5
"Miscellaneous Plant and System Operators","51-8090",112.5,100.1,0.1,0.1,-12.4,-11.0,36.7
"Chemical Plant and System Operators","51-8091",43.3,38.0,0.0,0.0,-5.3,-12.2,14.1
"Gas Plant Operators","51-8092",13.7,12.8,0.0,0.0,-0.9,-6.5,4.5
"Petroleum Pump System Operators, Refinery Operators, and Gaugers","51-8093",44.2,38.0,0.0,0.0,-6.2,-14.0,14.4
"Plant and System Operators, All Other","51-8099",11.3,11.3,0.0,0.0,0.0,-0.1,3.7
"Other Production Occupations","51-9000","2,396.2","2,500.3",1.7,1.5,104.1,4.3,642.4
"Chemical Processing Machine Setters, Operators, and Tenders","51-9010",85.7,84.1,0.1,0.1,-1.6,-1.9,15.8
"Chemical Equipment Operators and Tenders","51-9011",47.4,43.8,0.0,0.0,-3.5,-7.5,7.6
"Separating, Filtering, Clarifying, Precipitating, and Still Machine Setters, Operators, and Tenders","51-9012",38.4,40.3,0.0,0.0,2.0,5.1,8.1
"Crushing, Grinding, Polishing, Mixing, and Blending Workers","51-9020",185.9,187.0,0.1,0.1,1.2,0.6,59.4
"Crushing, Grinding, and Polishing Machine Setters, Operators, and Tenders","51-9021",33.4,35.1,0.0,0.0,1.7,5.1,11.7
"Grinding and Polishing Workers, Hand","51-9022",27.9,30.0,0.0,0.0,2.1,7.7,10.5
"Mixing and Blending Machine Setters, Operators, and Tenders","51-9023",124.6,121.9,0.1,0.1,-2.7,-2.2,37.2
"Cutting Workers","51-9030",78.8,77.7,0.1,0.0,-1.1,-1.4,17.4
"Cutters and Trimmers, Hand","51-9031",17.4,16.4,0.0,0.0,-1.0,-5.7,3.9
"Cutting and Slicing Machine Setters, Operators, and Tenders","51-9032",61.4,61.3,0.0,0.0,-0.1,-0.1,13.6
"Extruding, Forming, Pressing, and Compacting Machine Setters, Operators, and Tenders","51-9041",65.4,66.7,0.0,0.0,1.2,1.9,16.7
"Furnace, Kiln, Oven, Drier, and Kettle Operators and Tenders","51-9051",20.4,20.6,0.0,0.0,0.2,1.1,5.5
"Inspectors, Testers, Sorters, Samplers, and Weighers","51-9061",416.1,449.4,0.3,0.3,33.3,8.0,123.9
"Jewelers and Precious Stone and Metal Workers","51-9071",39.2,37.1,0.0,0.0,-2.0,-5.2,9.3
"Medical, Dental, and Ophthalmic Laboratory Technicians","51-9080",84.8,89.5,0.1,0.1,4.7,5.5,31.3
"Dental Laboratory Technicians","51-9081",40.9,41.2,0.0,0.0,0.3,0.8,13.2
"Medical Appliance Technicians","51-9082",14.2,14.7,0.0,0.0,0.5,3.7,5.0
"Ophthalmic Laboratory Technicians","51-9083",29.8,33.6,0.0,0.0,3.8,12.8,13.2
"Packaging and Filling Machine Operators and Tenders","51-9111",337.2,350.1,0.2,0.2,12.8,3.8,68.4
"Painting Workers","51-9120",155.2,169.0,0.1,0.1,13.8,8.9,47.3
"Coating, Painting, and Spraying Machine Setters, Operators, and Tenders","51-9121",83.6,88.7,0.1,0.1,5.1,6.1,23.1
"Painters, Transportation Equipment","51-9122",46.2,50.6,0.0,0.0,4.4,9.4,14.3
"Painting, Coating, and Decorating Workers","51-9123",25.3,29.7,0.0,0.0,4.4,17.2,9.8
"Semiconductor Processors","51-9141",21.1,17.3,0.0,0.0,-3.8,-17.9,5.0
"Photographic Process Workers and Processing Machine Operators","51-9151",58.7,54.2,0.0,0.0,-4.5,-7.7,14.7
"Miscellaneous Production Workers","51-9190",597.4,629.5,0.4,0.4,32.1,5.4,144.6
"Adhesive Bonding Machine Operators and Tenders","51-9191",15.1,15.7,0.0,0.0,0.7,4.5,2.8
"Cleaning, Washing, and Metal Pickling Equipment Operators and Tenders","51-9192",17.7,17.9,0.0,0.0,0.2,1.1,4.4
"Cooling and Freezing Equipment Operators and Tenders","51-9193",8.9,9.0,0.0,0.0,0.1,1.0,2.2
"Etchers and Engravers","51-9194",10.9,10.6,0.0,0.0,-0.3,-2.7,0.6
"Molders, Shapers, and Casters, Except Metal and Plastic","51-9195",43.4,46.8,0.0,0.0,3.5,8.0,19.3
"Paper Goods Machine Setters, Operators, and Tenders","51-9196",90.9,85.3,0.1,0.1,-5.5,-6.1,9.0
"Tire Builders","51-9197",15.5,14.6,0.0,0.0,-0.9,-5.7,6.5
"Helpers--Production Workers","51-9198",395.1,429.5,0.3,0.3,34.4,8.7,99.8
"Production Workers, All Other","51-9399",250.4,268.1,0.2,0.2,17.7,7.1,83.2
"Transportation and Material Moving Occupations","53-0000","9,004.8","10,333.4",6.3,6.3,"1,328.7",14.8,"3,597.2"
"Supervisors of Transportation and Material Moving Workers","53-1000",372.4,447.5,0.3,0.3,75.2,20.2,151.8
"Aircraft Cargo Handling Supervisors","53-1011",6.3,7.6,0.0,0.0,1.3,20.3,2.6
"First-Line Supervisors of Helpers, Laborers, and Material Movers, Hand","53-1021",167.4,212.9,0.1,0.1,45.5,27.2,80.0
"First-Line Supervisors of Transportation and Material-Moving Machine and Vehicle Operators","53-1031",198.7,227.1,0.1,0.1,28.4,14.3,69.3
"Air Transportation Workers","53-2000",227.9,238.9,0.2,0.1,11.1,4.9,81.3
"Aircraft Pilots and Flight Engineers","53-2010",103.5,114.9,0.1,0.1,11.5,11.1,50.7
"Airline Pilots, Copilots, and Flight Engineers","53-2011",70.8,75.3,0.0,0.0,4.5,6.4,31.3
"Commercial Pilots","53-2012",32.7,39.7,0.0,0.0,6.9,21.2,19.3
"Air Traffic Controllers and Airfield Operations Specialists","53-2020",33.9,33.6,0.0,0.0,-0.2,-0.6,13.4
"Air Traffic Controllers","53-2021",27.0,26.2,0.0,0.0,-0.8,-2.9,10.2
"Airfield Operations Specialists","53-2022",6.9,7.5,0.0,0.0,0.6,8.4,3.2
"Flight Attendants","53-2031",90.5,90.3,0.1,0.1,-0.2,-0.2,17.3
"Motor Vehicle Operators","53-3000","3,838.7","4,479.8",2.7,2.7,641.1,16.7,"1,382.6"
"Ambulance Drivers and Attendants, Except Emergency Medical Technicians","53-3011",19.6,25.9,0.0,0.0,6.3,32.1,10.1
"Bus Drivers","53-3020",647.2,730.2,0.5,0.4,83.0,12.8,208.0
"Bus Drivers, Transit and Intercity","53-3021",186.3,213.8,0.1,0.1,27.5,14.8,63.5
"Bus Drivers, School or Special Client","53-3022",460.9,516.4,0.3,0.3,55.5,12.0,144.5
"Driver/Sales Workers and Truck Drivers","53-3030","2,867.4","3,365.0",2.0,2.1,497.7,17.4,"1,068.1"
"Driver/Sales Workers","53-3031",406.6,448.5,0.3,0.3,42.0,10.3,122.9
"Heavy and Tractor-Trailer Truck Drivers","53-3032","1,604.8","1,934.9",1.1,1.2,330.1,20.6,649.4
"Light Truck or Delivery Services Drivers","53-3033",856.0,981.6,0.6,0.6,125.6,14.7,295.9
"Taxi Drivers and Chauffeurs","53-3041",239.9,286.9,0.2,0.2,47.0,19.6,76.7
"Motor Vehicle Operators, All Other","53-3099",64.6,71.7,0.0,0.0,7.2,11.1,19.7
"Rail Transportation Workers","53-4000",117.5,120.7,0.1,0.1,3.1,2.7,43.1
"Locomotive Engineers and Operators","53-4010",45.4,46.8,0.0,0.0,1.4,3.2,17.8
"Locomotive Engineers","53-4011",38.7,40.4,0.0,0.0,1.7,4.4,15.5
"Locomotive Firers","53-4012",1.1,1.0,0.0,0.0,-0.1,-5.1,0.4
"Rail Yard Engineers, Dinkey Operators, and Hostlers","53-4013",5.6,5.4,0.0,0.0,-0.2,-3.6,2.0
"Railroad Brake, Signal, and Switch Operators","53-4021",21.7,20.8,0.0,0.0,-0.9,-4.2,7.1
"Railroad Conductors and Yardmasters","53-4031",40.8,42.7,0.0,0.0,1.9,4.7,14.3
"Subway and Streetcar Operators","53-4041",6.5,7.1,0.0,0.0,0.6,9.8,2.8
"Rail Transportation Workers, All Other","53-4099",3.1,3.2,0.0,0.0,0.0,1.3,1.1
"Water Transportation Workers","53-5000",82.6,99.3,0.1,0.1,16.7,20.3,50.0
"Sailors and Marine Oilers","53-5011",33.4,40.5,0.0,0.0,7.1,21.3,21.5
"Ship and Boat Captains and Operators","53-5020",39.1,46.9,0.0,0.0,7.8,19.9,22.3
"Captains, Mates, and Pilots of Water Vessels","53-5021",36.1,43.4,0.0,0.0,7.3,20.4,20.7
"Motorboat Operators","53-5022",3.1,3.5,0.0,0.0,0.5,14.9,1.6
"Ship Engineers","53-5031",10.1,11.9,0.0,0.0,1.8,18.0,6.2
"Other Transportation Workers","53-6000",307.5,336.4,0.2,0.2,28.9,9.4,121.4
"Bridge and Lock Tenders","53-6011",3.5,3.4,0.0,0.0,0.0,-1.1,1.0
"Parking Lot Attendants","53-6021",125.1,122.9,0.1,0.1,-2.2,-1.7,37.4
"Automotive and Watercraft Service Attendants","53-6031",86.3,105.5,0.1,0.1,19.2,22.2,47.5
"Traffic Technicians","53-6041",6.9,7.7,0.0,0.0,0.8,11.2,2.8
"Transportation Inspectors","53-6051",27.4,31.4,0.0,0.0,4.0,14.4,10.7
"Transportation Attendants, Except Flight Attendants","53-6061",24.8,27.6,0.0,0.0,2.8,11.1,7.5
"Transportation Workers, All Other","53-6099",33.4,37.8,0.0,0.0,4.4,13.2,14.4
"Material Moving Workers","53-7000","4,058.2","4,610.8",2.8,2.8,552.6,13.6,"1,766.9"
"Conveyor Operators and Tenders","53-7011",36.3,40.5,0.0,0.0,4.2,11.5,14.9
"Crane and Tower Operators","53-7021",40.1,46.4,0.0,0.0,6.3,15.7,17.2
"Dredge, Excavating, and Loading Machine Operators","53-7030",67.6,78.4,0.0,0.0,10.9,16.1,31.0
"Dredge Operators","53-7031",2.1,2.4,0.0,0.0,0.3,14.8,0.9
"Excavating and Loading Machine and Dragline Operators","53-7032",61.5,72.2,0.0,0.0,10.7,17.3,28.9
"Loading Machine Operators, Underground Mining","53-7033",3.9,3.8,0.0,0.0,-0.1,-2.4,1.2
"Hoist and Winch Operators","53-7041",2.8,3.0,0.0,0.0,0.2,6.5,1.2
"Industrial Truck and Tractor Operators","53-7051",522.2,583.8,0.4,0.4,61.5,11.8,209.5
"Laborers and Material Movers, Hand","53-7060","3,175.5","3,612.8",2.2,2.2,437.3,13.8,"1,403.1"
"Cleaners of Vehicles and Equipment","53-7061",310.6,370.8,0.2,0.2,60.1,19.4,152.3
"Laborers and Freight, Stock, and Material Movers, Hand","53-7062","2,068.2","2,387.3",1.4,1.5,319.1,15.4,980.2
"Machine Feeders and Offbearers","53-7063",119.4,119.6,0.1,0.1,0.1,0.1,19.0
"Packers and Packagers, Hand","53-7064",677.3,735.2,0.5,0.4,57.9,8.6,251.6
"Pumping Station Operators","53-7070",30.4,31.1,0.0,0.0,0.7,2.1,10.1
"Gas Compressor and Gas Pumping Station Operators","53-7071",4.5,4.1,0.0,0.0,-0.5,-10.1,1.3
"Pump Operators, Except Wellhead Pumpers","53-7072",10.8,11.2,0.0,0.0,0.4,3.7,3.6
"Wellhead Pumpers","53-7073",15.1,15.8,0.0,0.0,0.7,4.6,5.2
"Refuse and Recyclable Material Collectors","53-7081",139.9,168.1,0.1,0.1,28.2,20.2,69.7
"Mine Shuttle Car Operators","53-7111",3.1,2.9,0.0,0.0,-0.2,-6.2,0.9
"Tank Car, Truck, and Ship Loaders","53-7121",10.4,10.6,0.0,0.0,0.2,2.1,3.3
"Material Moving Workers, All Other","53-7199",29.8,33.2,0.0,0.0,3.4,11.4,6.0
"Source: Employment Projections program, U.S. Department of Labor, U.S. Bureau of Labor Statistics",,,,,,,,
